Unity Editor version:    6000.0.37f1 (090b7797214c)
Branch:                  6000.0/staging
Build type:              Release
Batch mode:              YES
macOS version:           Version 26.4.1 (Build 25E253)
Darwin version:          25.4.0
Architecture:            arm64
Running under Rosetta:   NO
Available memory:        16384 MB
Using pre-set license
Pro License: YES

COMMAND LINE ARGUMENTS:
/Applications/Unity/Hub/Editor/6000.0.37f1/Unity.app/Contents/MacOS/Unity
-adb2
-batchMode
-noUpm
-name
AssetImportWorker2
-projectPath
/Users/raafatdouban/Downloads/Robots-Dungeon_3DGame-main-main
-logFile
Logs/AssetImportWorker2.log
-srvPort
55256
-job-worker-count
3
-background-job-worker-count
8
-gc-helper-count
1
Successfully changed project path to: /Users/raafatdouban/Downloads/Robots-Dungeon_3DGame-main-main
/Users/raafatdouban/Downloads/Robots-Dungeon_3DGame-main-main
[UnityMemory] Configuration Parameters - Can be set up in boot.config
    "memorysetup-bucket-allocator-granularity=16"
    "memorysetup-bucket-allocator-bucket-count=8"
    "memorysetup-bucket-allocator-block-size=33554432"
    "memorysetup-bucket-allocator-block-count=8"
    "memorysetup-main-allocator-block-size=16777216"
    "memorysetup-thread-allocator-block-size=16777216"
    "memorysetup-gfx-main-allocator-block-size=16777216"
    "memorysetup-gfx-thread-allocator-block-size=16777216"
    "memorysetup-cache-allocator-block-size=4194304"
    "memorysetup-typetree-allocator-block-size=2097152"
    "memorysetup-profiler-bucket-allocator-granularity=16"
    "memorysetup-profiler-bucket-allocator-bucket-count=8"
    "memorysetup-profiler-bucket-allocator-block-size=33554432"
    "memorysetup-profiler-bucket-allocator-block-count=8"
    "memorysetup-profiler-allocator-block-size=16777216"
    "memorysetup-profiler-editor-allocator-block-size=1048576"
    "memorysetup-temp-allocator-size-main=16777216"
    "memorysetup-job-temp-allocator-block-size=2097152"
    "memorysetup-job-temp-allocator-block-size-background=1048576"
    "memorysetup-job-temp-allocator-reduction-small-platforms=262144"
    "memorysetup-allocator-temp-initial-block-size-main=262144"
    "memorysetup-allocator-temp-initial-block-size-worker=262144"
    "memorysetup-temp-allocator-size-background-worker=32768"
    "memorysetup-temp-allocator-size-job-worker=262144"
    "memorysetup-temp-allocator-size-preload-manager=33554432"
    "memorysetup-temp-allocator-size-nav-mesh-worker=65536"
    "memorysetup-temp-allocator-size-audio-worker=65536"
    "memorysetup-temp-allocator-size-cloud-worker=32768"
    "memorysetup-temp-allocator-size-gi-baking-worker=262144"
    "memorysetup-temp-allocator-size-gi-baking-worker=262144"
    "memorysetup-temp-allocator-size-gi-baking-worker=262144"
    "memorysetup-temp-allocator-size-gi-baking-worker=262144"
    "memorysetup-temp-allocator-size-gi-baking-worker=262144"
    "memorysetup-temp-allocator-size-gfx=262144"
Player connection [8323684544]  Target information:

Player connection [8323684544]  * "[IP] 192.168.1.72 [Port] 0 [Flags] 2 [Guid] 437561152 [EditorId] 437561152 [Version] 1048832 [Id] OSXEditor(0,macbookpro) [Debug] 1 [PackageName] OSXEditor [ProjectName] Editor" 

Player connection [8323684544] Host joined multi-casting on [225.0.0.222:54997]...
Player connection [8323684544] Host joined alternative multi-casting on [225.0.0.222:34997]...
JobSystem: Creating JobQueue using job-worker-count value 3
Input System module state changed to: Initialized.
[Physics::Module] Initialized fallback backend.
[Physics::Module] Id: 0xdecafbad
Library Redirect Path: Library/
[Physics::Module] Selected backend.
[Physics::Module] Name: PhysX
[Physics::Module] Id: 0xf2b8ea05
[Physics::Module] SDK Version: 4.1.2
[Physics::Module] Integration Version: 1.0.0
[Physics::Module] Threading Mode: Multi-Threaded
Refreshing native plugins compatible for Editor in 1.44 ms, found 2 plugins.
Preloading 0 native plugins for Editor in 0.00 ms.
Initialize engine version: 6000.0.37f1 (090b7797214c)
[Subsystems] Discovering subsystems at path /Applications/Unity/Hub/Editor/6000.0.37f1/Unity.app/Contents/Resources/UnitySubsystems
[Subsystems] Discovering subsystems at path /Users/raafatdouban/Downloads/Robots-Dungeon_3DGame-main-main/Assets
GfxDevice: creating device client; kGfxThreadingModeNonThreaded
 preferred device: Apple M1 Pro (high power)
Metal devices available: 1
0: Apple M1 Pro (high power)
Using device Apple M1 Pro (high power)
Initializing Metal device caps: Apple M1 Pro
Initialize mono
Mono path[0] = '/Applications/Unity/Hub/Editor/6000.0.37f1/Unity.app/Contents/Managed'
Mono path[1] = '/Applications/Unity/Hub/Editor/6000.0.37f1/Unity.app/Contents/MonoBleedingEdge/lib/mono/unityjit-macos'
Mono config path = '/Applications/Unity/Hub/Editor/6000.0.37f1/Unity.app/Contents/MonoBleedingEdge/etc'
Using monoOptions --debugger-agent=transport=dt_socket,embedding=1,server=y,suspend=n,address=127.0.0.1:56794
Begin MonoManager ReloadAssembly
Registering precompiled unity dll's ...
Register platform support module: /Applications/Unity/Hub/Editor/6000.0.37f1/Unity.app/Contents/PlaybackEngines/MacStandaloneSupport/UnityEditor.OSXStandalone.Extensions.dll
Registered in 0.001816 seconds.
- Loaded All Assemblies, in  0.283 seconds
Native extension for OSXStandalone target not found
Mono: successfully reloaded assembly
- Finished resetting the current domain, in  0.257 seconds
Domain Reload Profiling: 541ms
	BeginReloadAssembly (114ms)
		ExecutionOrderSort (0ms)
		DisableScriptedObjects (0ms)
		BackupInstance (0ms)
		ReleaseScriptingObjects (0ms)
		CreateAndSetChildDomain (1ms)
	RebuildCommonClasses (26ms)
	RebuildNativeTypeToScriptingClass (9ms)
	initialDomainReloadingComplete (30ms)
	LoadAllAssembliesAndSetupDomain (104ms)
		LoadAssemblies (113ms)
		RebuildTransferFunctionScriptingTraits (0ms)
		AnalyzeDomain (102ms)
			TypeCache.Refresh (100ms)
				TypeCache.ScanAssembly (89ms)
			BuildScriptInfoCaches (0ms)
			ResolveRequiredComponents (0ms)
	FinalizeReload (258ms)
		ReleaseScriptCaches (0ms)
		RebuildScriptCaches (0ms)
		SetupLoadedEditorAssemblies (226ms)
			LogAssemblyErrors (0ms)
			InitializePlatformSupportModulesInManaged (25ms)
			SetLoadedEditorAssemblies (4ms)
			BeforeProcessingInitializeOnLoad (40ms)
			ProcessInitializeOnLoadAttributes (101ms)
			ProcessInitializeOnLoadMethodAttributes (56ms)
			AfterProcessingInitializeOnLoad (0ms)
			EditorAssembliesLoaded (0ms)
		ExecutionOrderSort2 (0ms)
		AwakeInstancesAfterBackupRestoration (0ms)
========================================================================
Worker process is ready to serve import requests
Import Worker Mode flag is 0x00
Begin MonoManager ReloadAssembly
- Loaded All Assemblies, in  0.661 seconds
Refreshing native plugins compatible for Editor in 0.32 ms, found 2 plugins.
Native extension for OSXStandalone target not found
The project currently uses the compatibility mode where the Render Graph API is disabled. Support for this mode will be removed in future Unity versions. Migrate existing ScriptableRenderPasses to the new RenderGraph API. After the migration, disable the compatibility mode in Edit > Projects Settings > Graphics > Render Graph.
UnityEngine.Debug:ExtractStackTraceNoAlloc (byte*,int,string)
UnityEngine.StackTraceUtility:ExtractStackTrace () (at /Users/bokken/build/output/unity/unity/Runtime/Export/Scripting/StackTrace.cs:37)
UnityEngine.DebugLogHandler:Internal_Log (UnityEngine.LogType,UnityEngine.LogOption,string,UnityEngine.Object)
UnityEngine.DebugLogHandler:LogFormat (UnityEngine.LogType,UnityEngine.Object,string,object[])
UnityEngine.Logger:Log (UnityEngine.LogType,object)
UnityEngine.Debug:LogWarning (object)
UnityEngine.Rendering.Universal.WarnUsingNonRenderGraph:EmitConsoleWarning () (at ./Library/PackageCache/com.unity.render-pipelines.universal@15fef0f41df6/Runtime/Data/UniversalRenderPipelineAsset.cs:427)
System.Reflection.RuntimeMethodInfo:Invoke (object,System.Reflection.BindingFlags,System.Reflection.Binder,object[],System.Globalization.CultureInfo)
System.Reflection.MethodBase:Invoke (object,object[])
UnityEditor.EditorAssemblies:ProcessInitializeOnLoadMethodAttributes () (at /Users/bokken/build/output/unity/unity/Editor/Mono/EditorAssemblies.cs:142)

(Filename: ./Library/PackageCache/com.unity.render-pipelines.universal@15fef0f41df6/Runtime/Data/UniversalRenderPipelineAsset.cs Line: 427)

[MODES] ModeService[none].Initialize
[MODES] ModeService[none].LoadModes
[MODES] Loading mode Default (0) for mode-current-id-Nanobot's Enigma: The Techno Dungeon
Mono: successfully reloaded assembly
- Finished resetting the current domain, in  0.616 seconds
Domain Reload Profiling: 1274ms
	BeginReloadAssembly (81ms)
		ExecutionOrderSort (0ms)
		DisableScriptedObjects (4ms)
		BackupInstance (0ms)
		ReleaseScriptingObjects (0ms)
		CreateAndSetChildDomain (14ms)
	RebuildCommonClasses (25ms)
	RebuildNativeTypeToScriptingClass (9ms)
	initialDomainReloadingComplete (22ms)
	LoadAllAssembliesAndSetupDomain (521ms)
		LoadAssemblies (356ms)
		RebuildTransferFunctionScriptingTraits (0ms)
		AnalyzeDomain (209ms)
			TypeCache.Refresh (163ms)
				TypeCache.ScanAssembly (147ms)
			BuildScriptInfoCaches (35ms)
			ResolveRequiredComponents (8ms)
	FinalizeReload (616ms)
		ReleaseScriptCaches (0ms)
		RebuildScriptCaches (0ms)
		SetupLoadedEditorAssemblies (517ms)
			LogAssemblyErrors (0ms)
			InitializePlatformSupportModulesInManaged (2ms)
			SetLoadedEditorAssemblies (3ms)
			BeforeProcessingInitializeOnLoad (84ms)
			ProcessInitializeOnLoadAttributes (348ms)
			ProcessInitializeOnLoadMethodAttributes (78ms)
			AfterProcessingInitializeOnLoad (1ms)
			EditorAssembliesLoaded (0ms)
		ExecutionOrderSort2 (0ms)
		AwakeInstancesAfterBackupRestoration (2ms)
Launching external process: /Applications/Unity/Hub/Editor/6000.0.37f1/Unity.app/Contents/Tools/UnityShaderCompiler
Launched and connected shader compiler UnityShaderCompiler after 0.04 seconds
Refreshing native plugins compatible for Editor in 0.30 ms, found 2 plugins.
Preloading 0 native plugins for Editor in 0.00 ms.
Unloading 246 Unused Serialized files (Serialized files now loaded: 0)
Unloading 6847 unused Assets / (5.8 MB). Loaded Objects now: 7550.
Memory consumption went from 173.5 MB to 167.8 MB.
Total: 7.109750 ms (FindLiveObjects: 0.588375 ms CreateObjectMapping: 0.192291 ms MarkObjects: 4.393542 ms  DeleteObjects: 1.934833 ms)

========================================================================
Received Import Request.
  Time since last request: 704773.528131 seconds.
  path: Assets/Aliaksei Yukhnevich - Deliverance (Hybrid Orchestral Epic Copyright Free Music).mp3
  artifactKey: Guid(48dd4751ffee2f340bd5c547969f6f37) Importer(815301076,1909f56bfc062723c751e8b465ee728b)
Start importing Assets/Aliaksei Yukhnevich - Deliverance (Hybrid Orchestral Epic Copyright Free Music).mp3 using Guid(48dd4751ffee2f340bd5c547969f6f37) Importer(815301076,1909f56bfc062723c751e8b465ee728b) (PreviewImporter) -> (artifact id: 'c922e476ec1f9c08a8124ee5ad967645') in 0.311174042 seconds
Number of updated asset objects reloaded before import = 0Number of asset objects unloaded after import = 2

========================================================================
Received Import Request.
  Time since last request: 13.597856 seconds.
  path: Assets/gameprojectfff.unity
  artifactKey: Guid(6b7328e2db3ac624e8c010d8c4b21150) Importer(815301076,1909f56bfc062723c751e8b465ee728b)
Start importing Assets/gameprojectfff.unity using Guid(6b7328e2db3ac624e8c010d8c4b21150) Importer(815301076,1909f56bfc062723c751e8b465ee728b) (PreviewImporter) -> (artifact id: 'c60d7f241d569fa748d5413c0780557c') in 0.000441834 seconds
Number of updated asset objects reloaded before import = 0Number of asset objects unloaded after import = 0

========================================================================
Received Prepare
Begin MonoManager ReloadAssembly
Thread 0x1712d3000 may have been prematurely finalized
- Loaded All Assemblies, in  0.727 seconds
Refreshing native plugins compatible for Editor in 0.25 ms, found 2 plugins.
Native extension for OSXStandalone target not found
The project currently uses the compatibility mode where the Render Graph API is disabled. Support for this mode will be removed in future Unity versions. Migrate existing ScriptableRenderPasses to the new RenderGraph API. After the migration, disable the compatibility mode in Edit > Projects Settings > Graphics > Render Graph.
UnityEngine.Debug:ExtractStackTraceNoAlloc (byte*,int,string)
UnityEngine.StackTraceUtility:ExtractStackTrace () (at /Users/bokken/build/output/unity/unity/Runtime/Export/Scripting/StackTrace.cs:37)
UnityEngine.DebugLogHandler:Internal_Log (UnityEngine.LogType,UnityEngine.LogOption,string,UnityEngine.Object)
UnityEngine.DebugLogHandler:LogFormat (UnityEngine.LogType,UnityEngine.Object,string,object[])
UnityEngine.Logger:Log (UnityEngine.LogType,object)
UnityEngine.Debug:LogWarning (object)
UnityEngine.Rendering.Universal.WarnUsingNonRenderGraph:EmitConsoleWarning () (at ./Library/PackageCache/com.unity.render-pipelines.universal@15fef0f41df6/Runtime/Data/UniversalRenderPipelineAsset.cs:427)
System.Reflection.RuntimeMethodInfo:Invoke (object,System.Reflection.BindingFlags,System.Reflection.Binder,object[],System.Globalization.CultureInfo)
System.Reflection.MethodBase:Invoke (object,object[])
UnityEditor.EditorAssemblies:ProcessInitializeOnLoadMethodAttributes () (at /Users/bokken/build/output/unity/unity/Editor/Mono/EditorAssemblies.cs:142)

(Filename: ./Library/PackageCache/com.unity.render-pipelines.universal@15fef0f41df6/Runtime/Data/UniversalRenderPipelineAsset.cs Line: 427)

[MODES] ModeService[none].Initialize
[MODES] ModeService[none].LoadModes
Mono: successfully reloaded assembly
- Finished resetting the current domain, in  0.631 seconds
Domain Reload Profiling: 1361ms
	BeginReloadAssembly (218ms)
		ExecutionOrderSort (2ms)
		DisableScriptedObjects (10ms)
		BackupInstance (0ms)
		ReleaseScriptingObjects (0ms)
		CreateAndSetChildDomain (67ms)
	RebuildCommonClasses (24ms)
	RebuildNativeTypeToScriptingClass (10ms)
	initialDomainReloadingComplete (15ms)
	LoadAllAssembliesAndSetupDomain (461ms)
		LoadAssemblies (324ms)
		RebuildTransferFunctionScriptingTraits (0ms)
		AnalyzeDomain (188ms)
			TypeCache.Refresh (13ms)
				TypeCache.ScanAssembly (1ms)
			BuildScriptInfoCaches (161ms)
			ResolveRequiredComponents (8ms)
	FinalizeReload (632ms)
		ReleaseScriptCaches (0ms)
		RebuildScriptCaches (0ms)
		SetupLoadedEditorAssemblies (476ms)
			LogAssemblyErrors (0ms)
			InitializePlatformSupportModulesInManaged (2ms)
			SetLoadedEditorAssemblies (3ms)
			BeforeProcessingInitializeOnLoad (79ms)
			ProcessInitializeOnLoadAttributes (326ms)
			ProcessInitializeOnLoadMethodAttributes (64ms)
			AfterProcessingInitializeOnLoad (1ms)
			EditorAssembliesLoaded (0ms)
		ExecutionOrderSort2 (0ms)
		AwakeInstancesAfterBackupRestoration (5ms)
Refreshing native plugins compatible for Editor in 0.50 ms, found 2 plugins.
Preloading 0 native plugins for Editor in 0.00 ms.
Unloading 28 Unused Serialized files (Serialized files now loaded: 0)
Unloading 6879 unused Assets / (3.3 MB). Loaded Objects now: 7610.
Memory consumption went from 160.3 MB to 156.9 MB.
Total: 8.320250 ms (FindLiveObjects: 0.407292 ms CreateObjectMapping: 0.269750 ms MarkObjects: 5.589875 ms  DeleteObjects: 2.052875 ms)

Prepare: number of updated asset objects reloaded= 5
========================================================================
Received Prepare
Begin MonoManager ReloadAssembly
Thread 0x172503000 may have been prematurely finalized
- Loaded All Assemblies, in  0.510 seconds
Refreshing native plugins compatible for Editor in 0.23 ms, found 2 plugins.
Native extension for OSXStandalone target not found
The project currently uses the compatibility mode where the Render Graph API is disabled. Support for this mode will be removed in future Unity versions. Migrate existing ScriptableRenderPasses to the new RenderGraph API. After the migration, disable the compatibility mode in Edit > Projects Settings > Graphics > Render Graph.
UnityEngine.Debug:ExtractStackTraceNoAlloc (byte*,int,string)
UnityEngine.StackTraceUtility:ExtractStackTrace () (at /Users/bokken/build/output/unity/unity/Runtime/Export/Scripting/StackTrace.cs:37)
UnityEngine.DebugLogHandler:Internal_Log (UnityEngine.LogType,UnityEngine.LogOption,string,UnityEngine.Object)
UnityEngine.DebugLogHandler:LogFormat (UnityEngine.LogType,UnityEngine.Object,string,object[])
UnityEngine.Logger:Log (UnityEngine.LogType,object)
UnityEngine.Debug:LogWarning (object)
UnityEngine.Rendering.Universal.WarnUsingNonRenderGraph:EmitConsoleWarning () (at ./Library/PackageCache/com.unity.render-pipelines.universal@15fef0f41df6/Runtime/Data/UniversalRenderPipelineAsset.cs:427)
System.Reflection.RuntimeMethodInfo:Invoke (object,System.Reflection.BindingFlags,System.Reflection.Binder,object[],System.Globalization.CultureInfo)
System.Reflection.MethodBase:Invoke (object,object[])
UnityEditor.EditorAssemblies:ProcessInitializeOnLoadMethodAttributes () (at /Users/bokken/build/output/unity/unity/Editor/Mono/EditorAssemblies.cs:142)

(Filename: ./Library/PackageCache/com.unity.render-pipelines.universal@15fef0f41df6/Runtime/Data/UniversalRenderPipelineAsset.cs Line: 427)

[MODES] ModeService[none].Initialize
[MODES] ModeService[none].LoadModes
Mono: successfully reloaded assembly
- Finished resetting the current domain, in  0.716 seconds
Domain Reload Profiling: 1229ms
	BeginReloadAssembly (95ms)
		ExecutionOrderSort (0ms)
		DisableScriptedObjects (4ms)
		BackupInstance (0ms)
		ReleaseScriptingObjects (0ms)
		CreateAndSetChildDomain (28ms)
	RebuildCommonClasses (24ms)
	RebuildNativeTypeToScriptingClass (9ms)
	initialDomainReloadingComplete (13ms)
	LoadAllAssembliesAndSetupDomain (372ms)
		LoadAssemblies (228ms)
		RebuildTransferFunctionScriptingTraits (0ms)
		AnalyzeDomain (176ms)
			TypeCache.Refresh (10ms)
				TypeCache.ScanAssembly (0ms)
			BuildScriptInfoCaches (155ms)
			ResolveRequiredComponents (8ms)
	FinalizeReload (716ms)
		ReleaseScriptCaches (0ms)
		RebuildScriptCaches (0ms)
		SetupLoadedEditorAssemblies (579ms)
			LogAssemblyErrors (0ms)
			InitializePlatformSupportModulesInManaged (2ms)
			SetLoadedEditorAssemblies (3ms)
			BeforeProcessingInitializeOnLoad (85ms)
			ProcessInitializeOnLoadAttributes (414ms)
			ProcessInitializeOnLoadMethodAttributes (74ms)
			AfterProcessingInitializeOnLoad (1ms)
			EditorAssembliesLoaded (0ms)
		ExecutionOrderSort2 (0ms)
		AwakeInstancesAfterBackupRestoration (8ms)
Refreshing native plugins compatible for Editor in 0.35 ms, found 2 plugins.
Preloading 0 native plugins for Editor in 0.00 ms.
Unloading 20 Unused Serialized files (Serialized files now loaded: 0)
Unloading 6880 unused Assets / (3.5 MB). Loaded Objects now: 7612.
Memory consumption went from 158.5 MB to 155.1 MB.
Total: 7.483917 ms (FindLiveObjects: 0.490250 ms CreateObjectMapping: 0.223250 ms MarkObjects: 4.953792 ms  DeleteObjects: 1.814833 ms)

Prepare: number of updated asset objects reloaded= 13
========================================================================
Received Import Request.
  Time since last request: 119.270807 seconds.
  path: Assets/Game
  artifactKey: Guid(7373942a14f5d8848aff5f87d6bf574b) Importer(815301076,1909f56bfc062723c751e8b465ee728b)
Start importing Assets/Game using Guid(7373942a14f5d8848aff5f87d6bf574b) Importer(815301076,1909f56bfc062723c751e8b465ee728b) (PreviewImporter) -> (artifact id: '1f8224860e5246a1fe58a4fab6b042e5') in 0.003392084 seconds
Number of updated asset objects reloaded before import = 0Number of asset objects unloaded after import = 0

========================================================================
Received Import Request.
  Time since last request: 0.020369 seconds.
  path: Assets/Game/default.mat
  artifactKey: Guid(9c93edcd92271194b8d7cae55ac4952b) Importer(815301076,1909f56bfc062723c751e8b465ee728b)
Start importing Assets/Game/default.mat using Guid(9c93edcd92271194b8d7cae55ac4952b) Importer(815301076,1909f56bfc062723c751e8b465ee728b) (PreviewImporter) -> (artifact id: 'ab5ee28ea5edbf2c140549e2dd452160') in 1.124254167 seconds
Number of updated asset objects reloaded before import = 0Number of asset objects unloaded after import = 4

========================================================================
Received Import Request.
  Time since last request: 0.215735 seconds.
  path: Assets/Game/GameLevel02.unity
  artifactKey: Guid(7ac22768d44e3dc4bae65c4669ff56b1) Importer(815301076,1909f56bfc062723c751e8b465ee728b)
Start importing Assets/Game/GameLevel02.unity using Guid(7ac22768d44e3dc4bae65c4669ff56b1) Importer(815301076,1909f56bfc062723c751e8b465ee728b) (PreviewImporter) -> (artifact id: 'e512448c2054551c1aa1552854a83191') in 0.00045475 seconds
Number of updated asset objects reloaded before import = 0Number of asset objects unloaded after import = 0

========================================================================
Received Import Request.
  Time since last request: 8.838742 seconds.
  path: Assets/Game/GameLevel01.unity
  artifactKey: Guid(467c9b7ff7812524aab86c8227d541d1) Importer(815301076,1909f56bfc062723c751e8b465ee728b)
Start importing Assets/Game/GameLevel01.unity using Guid(467c9b7ff7812524aab86c8227d541d1) Importer(815301076,1909f56bfc062723c751e8b465ee728b) (PreviewImporter) -> (artifact id: 'e1ac214be1865b59f5fc265eb85c8a20') in 0.000370333 seconds
Number of updated asset objects reloaded before import = 0Number of asset objects unloaded after import = 0

========================================================================
Received Import Request.
  Time since last request: 5.437574 seconds.
  path: Assets/Game/MainMenu.unity
  artifactKey: Guid(939fde364894990448e6f6a8cb0b7968) Importer(815301076,1909f56bfc062723c751e8b465ee728b)
Start importing Assets/Game/MainMenu.unity using Guid(939fde364894990448e6f6a8cb0b7968) Importer(815301076,1909f56bfc062723c751e8b465ee728b) (PreviewImporter) -> (artifact id: '8ab01b05fde21ebe6811a9ecd0b285e4') in 0.000386542 seconds
Number of updated asset objects reloaded before import = 0Number of asset objects unloaded after import = 0

========================================================================
Received Prepare
Begin MonoManager ReloadAssembly
Thread 0x1721f7000 may have been prematurely finalized
- Loaded All Assemblies, in  0.531 seconds
Refreshing native plugins compatible for Editor in 0.22 ms, found 2 plugins.
Native extension for OSXStandalone target not found
The project currently uses the compatibility mode where the Render Graph API is disabled. Support for this mode will be removed in future Unity versions. Migrate existing ScriptableRenderPasses to the new RenderGraph API. After the migration, disable the compatibility mode in Edit > Projects Settings > Graphics > Render Graph.
UnityEngine.Debug:ExtractStackTraceNoAlloc (byte*,int,string)
UnityEngine.StackTraceUtility:ExtractStackTrace () (at /Users/bokken/build/output/unity/unity/Runtime/Export/Scripting/StackTrace.cs:37)
UnityEngine.DebugLogHandler:Internal_Log (UnityEngine.LogType,UnityEngine.LogOption,string,UnityEngine.Object)
UnityEngine.DebugLogHandler:LogFormat (UnityEngine.LogType,UnityEngine.Object,string,object[])
UnityEngine.Logger:Log (UnityEngine.LogType,object)
UnityEngine.Debug:LogWarning (object)
UnityEngine.Rendering.Universal.WarnUsingNonRenderGraph:EmitConsoleWarning () (at ./Library/PackageCache/com.unity.render-pipelines.universal@15fef0f41df6/Runtime/Data/UniversalRenderPipelineAsset.cs:427)
System.Reflection.RuntimeMethodInfo:Invoke (object,System.Reflection.BindingFlags,System.Reflection.Binder,object[],System.Globalization.CultureInfo)
System.Reflection.MethodBase:Invoke (object,object[])
UnityEditor.EditorAssemblies:ProcessInitializeOnLoadMethodAttributes () (at /Users/bokken/build/output/unity/unity/Editor/Mono/EditorAssemblies.cs:142)

(Filename: ./Library/PackageCache/com.unity.render-pipelines.universal@15fef0f41df6/Runtime/Data/UniversalRenderPipelineAsset.cs Line: 427)

[MODES] ModeService[none].Initialize
[MODES] ModeService[none].LoadModes
Mono: successfully reloaded assembly
- Finished resetting the current domain, in  0.623 seconds
Domain Reload Profiling: 1157ms
	BeginReloadAssembly (125ms)
		ExecutionOrderSort (0ms)
		DisableScriptedObjects (9ms)
		BackupInstance (0ms)
		ReleaseScriptingObjects (0ms)
		CreateAndSetChildDomain (47ms)
	RebuildCommonClasses (24ms)
	RebuildNativeTypeToScriptingClass (9ms)
	initialDomainReloadingComplete (16ms)
	LoadAllAssembliesAndSetupDomain (359ms)
		LoadAssemblies (239ms)
		RebuildTransferFunctionScriptingTraits (0ms)
		AnalyzeDomain (160ms)
			TypeCache.Refresh (10ms)
				TypeCache.ScanAssembly (0ms)
			BuildScriptInfoCaches (139ms)
			ResolveRequiredComponents (8ms)
	FinalizeReload (623ms)
		ReleaseScriptCaches (0ms)
		RebuildScriptCaches (0ms)
		SetupLoadedEditorAssemblies (474ms)
			LogAssemblyErrors (0ms)
			InitializePlatformSupportModulesInManaged (2ms)
			SetLoadedEditorAssemblies (4ms)
			BeforeProcessingInitializeOnLoad (75ms)
			ProcessInitializeOnLoadAttributes (335ms)
			ProcessInitializeOnLoadMethodAttributes (57ms)
			AfterProcessingInitializeOnLoad (1ms)
			EditorAssembliesLoaded (0ms)
		ExecutionOrderSort2 (0ms)
		AwakeInstancesAfterBackupRestoration (6ms)
Refreshing native plugins compatible for Editor in 0.41 ms, found 2 plugins.
Preloading 0 native plugins for Editor in 0.00 ms.
Unloading 20 Unused Serialized files (Serialized files now loaded: 0)
Unloading 6882 unused Assets / (5.1 MB). Loaded Objects now: 7668.
Memory consumption went from 160.3 MB to 155.2 MB.
Total: 7.673292 ms (FindLiveObjects: 0.421292 ms CreateObjectMapping: 0.283417 ms MarkObjects: 4.681791 ms  DeleteObjects: 2.286250 ms)

Prepare: number of updated asset objects reloaded= 0
========================================================================
Received Import Request.
  Time since last request: 243.756686 seconds.
  path: Assets/Game/MainMenu.unity
  artifactKey: Guid(939fde364894990448e6f6a8cb0b7968) Importer(815301076,1909f56bfc062723c751e8b465ee728b)
Start importing Assets/Game/MainMenu.unity using Guid(939fde364894990448e6f6a8cb0b7968) Importer(815301076,1909f56bfc062723c751e8b465ee728b) (PreviewImporter) -> (artifact id: '7ee689e529f64c8d1757934fd9075446') in 0.0016965 seconds
Number of updated asset objects reloaded before import = 0Number of asset objects unloaded after import = 0

========================================================================
Received Prepare
Begin MonoManager ReloadAssembly
Thread 0x16d833000 may have been prematurely finalized
- Loaded All Assemblies, in  0.468 seconds
Refreshing native plugins compatible for Editor in 0.21 ms, found 2 plugins.
Native extension for OSXStandalone target not found
The project currently uses the compatibility mode where the Render Graph API is disabled. Support for this mode will be removed in future Unity versions. Migrate existing ScriptableRenderPasses to the new RenderGraph API. After the migration, disable the compatibility mode in Edit > Projects Settings > Graphics > Render Graph.
UnityEngine.Debug:ExtractStackTraceNoAlloc (byte*,int,string)
UnityEngine.StackTraceUtility:ExtractStackTrace () (at /Users/bokken/build/output/unity/unity/Runtime/Export/Scripting/StackTrace.cs:37)
UnityEngine.DebugLogHandler:Internal_Log (UnityEngine.LogType,UnityEngine.LogOption,string,UnityEngine.Object)
UnityEngine.DebugLogHandler:LogFormat (UnityEngine.LogType,UnityEngine.Object,string,object[])
UnityEngine.Logger:Log (UnityEngine.LogType,object)
UnityEngine.Debug:LogWarning (object)
UnityEngine.Rendering.Universal.WarnUsingNonRenderGraph:EmitConsoleWarning () (at ./Library/PackageCache/com.unity.render-pipelines.universal@15fef0f41df6/Runtime/Data/UniversalRenderPipelineAsset.cs:427)
System.Reflection.RuntimeMethodInfo:Invoke (object,System.Reflection.BindingFlags,System.Reflection.Binder,object[],System.Globalization.CultureInfo)
System.Reflection.MethodBase:Invoke (object,object[])
UnityEditor.EditorAssemblies:ProcessInitializeOnLoadMethodAttributes () (at /Users/bokken/build/output/unity/unity/Editor/Mono/EditorAssemblies.cs:142)

(Filename: ./Library/PackageCache/com.unity.render-pipelines.universal@15fef0f41df6/Runtime/Data/UniversalRenderPipelineAsset.cs Line: 427)

[MODES] ModeService[none].Initialize
[MODES] ModeService[none].LoadModes
Mono: successfully reloaded assembly
- Finished resetting the current domain, in  0.597 seconds
Domain Reload Profiling: 1067ms
	BeginReloadAssembly (100ms)
		ExecutionOrderSort (0ms)
		DisableScriptedObjects (4ms)
		BackupInstance (0ms)
		ReleaseScriptingObjects (0ms)
		CreateAndSetChildDomain (34ms)
	RebuildCommonClasses (25ms)
	RebuildNativeTypeToScriptingClass (9ms)
	initialDomainReloadingComplete (16ms)
	LoadAllAssembliesAndSetupDomain (321ms)
		LoadAssemblies (203ms)
		RebuildTransferFunctionScriptingTraits (0ms)
		AnalyzeDomain (148ms)
			TypeCache.Refresh (8ms)
				TypeCache.ScanAssembly (0ms)
			BuildScriptInfoCaches (130ms)
			ResolveRequiredComponents (8ms)
	FinalizeReload (597ms)
		ReleaseScriptCaches (0ms)
		RebuildScriptCaches (0ms)
		SetupLoadedEditorAssemblies (469ms)
			LogAssemblyErrors (0ms)
			InitializePlatformSupportModulesInManaged (2ms)
			SetLoadedEditorAssemblies (4ms)
			BeforeProcessingInitializeOnLoad (75ms)
			ProcessInitializeOnLoadAttributes (328ms)
			ProcessInitializeOnLoadMethodAttributes (60ms)
			AfterProcessingInitializeOnLoad (1ms)
			EditorAssembliesLoaded (0ms)
		ExecutionOrderSort2 (0ms)
		AwakeInstancesAfterBackupRestoration (7ms)
Refreshing native plugins compatible for Editor in 0.33 ms, found 2 plugins.
Preloading 0 native plugins for Editor in 0.00 ms.
Unloading 20 Unused Serialized files (Serialized files now loaded: 0)
Unloading 6880 unused Assets / (5.6 MB). Loaded Objects now: 7670.
Memory consumption went from 160.0 MB to 154.4 MB.
Total: 7.325500 ms (FindLiveObjects: 0.397542 ms CreateObjectMapping: 0.300750 ms MarkObjects: 4.822459 ms  DeleteObjects: 1.804167 ms)

Prepare: number of updated asset objects reloaded= 0
========================================================================
Received Import Request.
  Time since last request: 573.519043 seconds.
  path: Assets/CasualGameSounds
  artifactKey: Guid(e5c46de2ee58bb648ae633bdbefd7f1c) Importer(815301076,1909f56bfc062723c751e8b465ee728b)
Start importing Assets/CasualGameSounds using Guid(e5c46de2ee58bb648ae633bdbefd7f1c) Importer(815301076,1909f56bfc062723c751e8b465ee728b) (PreviewImporter) -> (artifact id: '77ab7ed99d3e058079ba362af6583113') in 0.005759542 seconds
Number of updated asset objects reloaded before import = 0Number of asset objects unloaded after import = 0

========================================================================
Received Import Request.
  Time since last request: 0.011172 seconds.
  path: Assets/CasualGameSounds/DM-CGS-01.wav
  artifactKey: Guid(32d4b1811dda14a6cb9e059ee8ad17d2) Importer(815301076,1909f56bfc062723c751e8b465ee728b)
Start importing Assets/CasualGameSounds/DM-CGS-01.wav using Guid(32d4b1811dda14a6cb9e059ee8ad17d2) Importer(815301076,1909f56bfc062723c751e8b465ee728b) (PreviewImporter) -> (artifact id: 'f009f05b780d3355ba4b3a0c57ee4eef') in 0.080270541 seconds
Number of updated asset objects reloaded before import = 0Number of asset objects unloaded after import = 2

========================================================================
Received Import Request.
  Time since last request: 0.000044 seconds.
  path: Assets/CasualGameSounds/DM-CGS-47.wav
  artifactKey: Guid(d46323e22e74e46baa241cbf48c85671) Importer(815301076,1909f56bfc062723c751e8b465ee728b)
Start importing Assets/CasualGameSounds/DM-CGS-47.wav using Guid(d46323e22e74e46baa241cbf48c85671) Importer(815301076,1909f56bfc062723c751e8b465ee728b) (PreviewImporter) -> (artifact id: 'cd5616476f7a455592b38ca1ca025589') in 0.005930208 seconds
Number of updated asset objects reloaded before import = 0Number of asset objects unloaded after import = 2

========================================================================
Received Import Request.
  Time since last request: 0.000049 seconds.
  path: Assets/CasualGameSounds/DM-CGS-38.wav
  artifactKey: Guid(84e427d6b66ab4066b6a4dcd0ce819ee) Importer(815301076,1909f56bfc062723c751e8b465ee728b)
Start importing Assets/CasualGameSounds/DM-CGS-38.wav using Guid(84e427d6b66ab4066b6a4dcd0ce819ee) Importer(815301076,1909f56bfc062723c751e8b465ee728b) (PreviewImporter) -> (artifact id: 'b0944c0bd550a35038ff4a6f56eeb8ac') in 0.005778708 seconds
Number of updated asset objects reloaded before import = 0Number of asset objects unloaded after import = 2

========================================================================
Received Import Request.
  Time since last request: 0.000055 seconds.
  path: Assets/CasualGameSounds/DM-CGS-19.wav
  artifactKey: Guid(81652031b64c342cc8dbc59c138d77c5) Importer(815301076,1909f56bfc062723c751e8b465ee728b)
Start importing Assets/CasualGameSounds/DM-CGS-19.wav using Guid(81652031b64c342cc8dbc59c138d77c5) Importer(815301076,1909f56bfc062723c751e8b465ee728b) (PreviewImporter) -> (artifact id: '3abbf1f672cce96fcfc2b61ede405c70') in 0.005523083 seconds
Number of updated asset objects reloaded before import = 0Number of asset objects unloaded after import = 2

========================================================================
Received Import Request.
  Time since last request: 0.000051 seconds.
  path: Assets/CasualGameSounds/DM-CGS-24.wav
  artifactKey: Guid(657578e4be6b64dbf9b09deada272e55) Importer(815301076,1909f56bfc062723c751e8b465ee728b)
Start importing Assets/CasualGameSounds/DM-CGS-24.wav using Guid(657578e4be6b64dbf9b09deada272e55) Importer(815301076,1909f56bfc062723c751e8b465ee728b) (PreviewImporter) -> (artifact id: '8ed01fb5ac5a115f3fe8a1684e683c2d') in 0.007883542 seconds
Number of updated asset objects reloaded before import = 0Number of asset objects unloaded after import = 2

========================================================================
Received Import Request.
  Time since last request: 0.000051 seconds.
  path: Assets/CasualGameSounds/DM-CGS-10.wav
  artifactKey: Guid(cabfae866cab347928b74b7d0ca6bfa9) Importer(815301076,1909f56bfc062723c751e8b465ee728b)
Start importing Assets/CasualGameSounds/DM-CGS-10.wav using Guid(cabfae866cab347928b74b7d0ca6bfa9) Importer(815301076,1909f56bfc062723c751e8b465ee728b) (PreviewImporter) -> (artifact id: '8998f1b8c5ea691fc5bc75fb4c295ebb') in 0.007214125 seconds
Number of updated asset objects reloaded before import = 0Number of asset objects unloaded after import = 2

========================================================================
Received Import Request.
  Time since last request: 0.000071 seconds.
  path: Assets/CasualGameSounds/DM-CGS-17.wav
  artifactKey: Guid(b9eff218e132a4e76be78840eca96fb2) Importer(815301076,1909f56bfc062723c751e8b465ee728b)
Start importing Assets/CasualGameSounds/DM-CGS-17.wav using Guid(b9eff218e132a4e76be78840eca96fb2) Importer(815301076,1909f56bfc062723c751e8b465ee728b) (PreviewImporter) -> (artifact id: '2d4e041c1293c151e29cf1e4b9bbf1f6') in 0.006667583 seconds
Number of updated asset objects reloaded before import = 0Number of asset objects unloaded after import = 2

========================================================================
Received Import Request.
  Time since last request: 0.000056 seconds.
  path: Assets/CasualGameSounds/DM-CGS-23.wav
  artifactKey: Guid(a0ca8964c08d54c5dbebf245bdc474ca) Importer(815301076,1909f56bfc062723c751e8b465ee728b)
Start importing Assets/CasualGameSounds/DM-CGS-23.wav using Guid(a0ca8964c08d54c5dbebf245bdc474ca) Importer(815301076,1909f56bfc062723c751e8b465ee728b) (PreviewImporter) -> (artifact id: 'f74aaa6b3df332315ac2dd037988d05a') in 0.008307625 seconds
Number of updated asset objects reloaded before import = 0Number of asset objects unloaded after import = 2

========================================================================
Received Import Request.
  Time since last request: 0.000034 seconds.
  path: Assets/CasualGameSounds/DM-CGS-04.wav
  artifactKey: Guid(c5e2a73ad4706440f93bf05df0b465fe) Importer(815301076,1909f56bfc062723c751e8b465ee728b)
Start importing Assets/CasualGameSounds/DM-CGS-04.wav using Guid(c5e2a73ad4706440f93bf05df0b465fe) Importer(815301076,1909f56bfc062723c751e8b465ee728b) (PreviewImporter) -> (artifact id: '17bf3b1694d8a9b715ba77cfd459c1d1') in 0.005164084 seconds
Number of updated asset objects reloaded before import = 0Number of asset objects unloaded after import = 2

========================================================================
Received Import Request.
  Time since last request: 0.000078 seconds.
  path: Assets/CasualGameSounds/DM-CGS-14.wav
  artifactKey: Guid(b6428d4edb06344ba829da4edd9967c1) Importer(815301076,1909f56bfc062723c751e8b465ee728b)
Start importing Assets/CasualGameSounds/DM-CGS-14.wav using Guid(b6428d4edb06344ba829da4edd9967c1) Importer(815301076,1909f56bfc062723c751e8b465ee728b) (PreviewImporter) -> (artifact id: '72d8f7e29d1dd29b2cccd324da4b7b63') in 0.009828583 seconds
Number of updated asset objects reloaded before import = 0Number of asset objects unloaded after import = 2

========================================================================
Received Import Request.
  Time since last request: 0.000040 seconds.
  path: Assets/CasualGameSounds/DM-CGS-31.wav
  artifactKey: Guid(cf6c0e7fbef9449c98a0cdb5ea0c4d9f) Importer(815301076,1909f56bfc062723c751e8b465ee728b)
Start importing Assets/CasualGameSounds/DM-CGS-31.wav using Guid(cf6c0e7fbef9449c98a0cdb5ea0c4d9f) Importer(815301076,1909f56bfc062723c751e8b465ee728b) (PreviewImporter) -> (artifact id: '47634b9c9bc359a8cc6ff2e922a9b83f') in 0.005422208 seconds
Number of updated asset objects reloaded before import = 0Number of asset objects unloaded after import = 2

========================================================================
Received Import Request.
  Time since last request: 0.000039 seconds.
  path: Assets/CasualGameSounds/DM-CGS-41.wav
  artifactKey: Guid(7e9ee6dc04a5d40d1a5dfc4beb9865e7) Importer(815301076,1909f56bfc062723c751e8b465ee728b)
Start importing Assets/CasualGameSounds/DM-CGS-41.wav using Guid(7e9ee6dc04a5d40d1a5dfc4beb9865e7) Importer(815301076,1909f56bfc062723c751e8b465ee728b) (PreviewImporter) -> (artifact id: '2a205ff11e6263c3b68776930d69c9fb') in 0.004753417 seconds
Number of updated asset objects reloaded before import = 0Number of asset objects unloaded after import = 2

========================================================================
Received Import Request.
  Time since last request: 0.000045 seconds.
  path: Assets/CasualGameSounds/DM-CGS-03.wav
  artifactKey: Guid(19f89c6e740e7447f9e12a8310d3e973) Importer(815301076,1909f56bfc062723c751e8b465ee728b)
Start importing Assets/CasualGameSounds/DM-CGS-03.wav using Guid(19f89c6e740e7447f9e12a8310d3e973) Importer(815301076,1909f56bfc062723c751e8b465ee728b) (PreviewImporter) -> (artifact id: '07f5f1c95682bec5698ab02394656315') in 0.004845333 seconds
Number of updated asset objects reloaded before import = 0Number of asset objects unloaded after import = 2

========================================================================
Received Import Request.
  Time since last request: 0.000048 seconds.
  path: Assets/CasualGameSounds/DM-CGS-27.wav
  artifactKey: Guid(5039414d94a6e4e70a5ab9e8833e992a) Importer(815301076,1909f56bfc062723c751e8b465ee728b)
Start importing Assets/CasualGameSounds/DM-CGS-27.wav using Guid(5039414d94a6e4e70a5ab9e8833e992a) Importer(815301076,1909f56bfc062723c751e8b465ee728b) (PreviewImporter) -> (artifact id: '174676a42573351284b01709cfe21856') in 0.004967625 seconds
Number of updated asset objects reloaded before import = 0Number of asset objects unloaded after import = 2

========================================================================
Received Import Request.
  Time since last request: 0.000047 seconds.
  path: Assets/CasualGameSounds/DM-CGS-50.wav
  artifactKey: Guid(79e6baad2fd414b82a6d49ce1568d2e5) Importer(815301076,1909f56bfc062723c751e8b465ee728b)
Start importing Assets/CasualGameSounds/DM-CGS-50.wav using Guid(79e6baad2fd414b82a6d49ce1568d2e5) Importer(815301076,1909f56bfc062723c751e8b465ee728b) (PreviewImporter) -> (artifact id: '1f197b1e376866c6355e53bf7def3137') in 0.009456833 seconds
Number of updated asset objects reloaded before import = 0Number of asset objects unloaded after import = 2

========================================================================
Received Import Request.
  Time since last request: 0.000050 seconds.
  path: Assets/CasualGameSounds/DM-CGS-39.wav
  artifactKey: Guid(3becec1909f194046945d85ac1077772) Importer(815301076,1909f56bfc062723c751e8b465ee728b)
Start importing Assets/CasualGameSounds/DM-CGS-39.wav using Guid(3becec1909f194046945d85ac1077772) Importer(815301076,1909f56bfc062723c751e8b465ee728b) (PreviewImporter) -> (artifact id: '47fae6fc1ffc9b382d5387111f7c3196') in 0.006051083 seconds
Number of updated asset objects reloaded before import = 0Number of asset objects unloaded after import = 2

========================================================================
Received Import Request.
  Time since last request: 0.000099 seconds.
  path: Assets/CasualGameSounds/DM-CGS-20.wav
  artifactKey: Guid(6e8772b49f34d402a90016ed445d8a2f) Importer(815301076,1909f56bfc062723c751e8b465ee728b)
Start importing Assets/CasualGameSounds/DM-CGS-20.wav using Guid(6e8772b49f34d402a90016ed445d8a2f) Importer(815301076,1909f56bfc062723c751e8b465ee728b) (PreviewImporter) -> (artifact id: 'ec869d31270bb729620a701f7ceb83d2') in 0.004249667 seconds
Number of updated asset objects reloaded before import = 0Number of asset objects unloaded after import = 2

========================================================================
Received Import Request.
  Time since last request: 0.000140 seconds.
  path: Assets/CasualGameSounds/DM-CGS-42.wav
  artifactKey: Guid(38a17a92b9d9748c6a1e67972041b833) Importer(815301076,1909f56bfc062723c751e8b465ee728b)
Start importing Assets/CasualGameSounds/DM-CGS-42.wav using Guid(38a17a92b9d9748c6a1e67972041b833) Importer(815301076,1909f56bfc062723c751e8b465ee728b) (PreviewImporter) -> (artifact id: '89d920e229252138536bdd709a499fab') in 0.00624125 seconds
Number of updated asset objects reloaded before import = 0Number of asset objects unloaded after import = 2

========================================================================
Received Import Request.
  Time since last request: 0.000036 seconds.
  path: Assets/CasualGameSounds/DM-CGS-32.wav
  artifactKey: Guid(29bde6326b4c34ad8a12da475f79b50a) Importer(815301076,1909f56bfc062723c751e8b465ee728b)
Start importing Assets/CasualGameSounds/DM-CGS-32.wav using Guid(29bde6326b4c34ad8a12da475f79b50a) Importer(815301076,1909f56bfc062723c751e8b465ee728b) (PreviewImporter) -> (artifact id: '579612a3b361d9a4b0beae944c3fca7f') in 0.004730667 seconds
Number of updated asset objects reloaded before import = 0Number of asset objects unloaded after import = 2

========================================================================
Received Import Request.
  Time since last request: 0.000065 seconds.
  path: Assets/CasualGameSounds/DM-CGS-29.wav
  artifactKey: Guid(80e397195ea2940b69ee7bdbded856a5) Importer(815301076,1909f56bfc062723c751e8b465ee728b)
Start importing Assets/CasualGameSounds/DM-CGS-29.wav using Guid(80e397195ea2940b69ee7bdbded856a5) Importer(815301076,1909f56bfc062723c751e8b465ee728b) (PreviewImporter) -> (artifact id: 'e63232e0384dece5d71d31a6762d29fb') in 0.007731083 seconds
Number of updated asset objects reloaded before import = 0Number of asset objects unloaded after import = 2

========================================================================
Received Import Request.
  Time since last request: 0.000037 seconds.
  path: Assets/CasualGameSounds/DM-CGS-35.wav
  artifactKey: Guid(89e6bc608da7b47d4914f3d9c2484e48) Importer(815301076,1909f56bfc062723c751e8b465ee728b)
Start importing Assets/CasualGameSounds/DM-CGS-35.wav using Guid(89e6bc608da7b47d4914f3d9c2484e48) Importer(815301076,1909f56bfc062723c751e8b465ee728b) (PreviewImporter) -> (artifact id: 'cd4d91302b24d271dfc59775d71ca365') in 0.004638958 seconds
Number of updated asset objects reloaded before import = 0Number of asset objects unloaded after import = 2

========================================================================
Received Import Request.
  Time since last request: 0.000041 seconds.
  path: Assets/CasualGameSounds/DM-CGS-36.wav
  artifactKey: Guid(df729d213c4be44a9b55cd109f5cd4f9) Importer(815301076,1909f56bfc062723c751e8b465ee728b)
Start importing Assets/CasualGameSounds/DM-CGS-36.wav using Guid(df729d213c4be44a9b55cd109f5cd4f9) Importer(815301076,1909f56bfc062723c751e8b465ee728b) (PreviewImporter) -> (artifact id: 'da51120d01c06ff5ae5486289c39f8f3') in 0.005309958 seconds
Number of updated asset objects reloaded before import = 0Number of asset objects unloaded after import = 2

========================================================================
Received Import Request.
  Time since last request: 0.000045 seconds.
  path: Assets/CasualGameSounds/DM-CGS-09.wav
  artifactKey: Guid(ff5f85da24bc943d1abdc5760a22bc81) Importer(815301076,1909f56bfc062723c751e8b465ee728b)
Start importing Assets/CasualGameSounds/DM-CGS-09.wav using Guid(ff5f85da24bc943d1abdc5760a22bc81) Importer(815301076,1909f56bfc062723c751e8b465ee728b) (PreviewImporter) -> (artifact id: '7dbe9da19e20b04b53281ef0eac955ce') in 0.010232667 seconds
Number of updated asset objects reloaded before import = 0Number of asset objects unloaded after import = 2

========================================================================
Received Import Request.
  Time since last request: 0.000042 seconds.
  path: Assets/CasualGameSounds/DM-CGS-13.wav
  artifactKey: Guid(72127805eb2bc4e7fbf2e02eca266cfa) Importer(815301076,1909f56bfc062723c751e8b465ee728b)
Start importing Assets/CasualGameSounds/DM-CGS-13.wav using Guid(72127805eb2bc4e7fbf2e02eca266cfa) Importer(815301076,1909f56bfc062723c751e8b465ee728b) (PreviewImporter) -> (artifact id: '77d8ccb9b4cd0ebe9f84e2321d983c4e') in 0.005662833 seconds
Number of updated asset objects reloaded before import = 0Number of asset objects unloaded after import = 2

========================================================================
Received Import Request.
  Time since last request: 0.000065 seconds.
  path: Assets/CasualGameSounds/DM-CGS-21.wav
  artifactKey: Guid(ffb159a21c8a04135a5616979c828fab) Importer(815301076,1909f56bfc062723c751e8b465ee728b)
Start importing Assets/CasualGameSounds/DM-CGS-21.wav using Guid(ffb159a21c8a04135a5616979c828fab) Importer(815301076,1909f56bfc062723c751e8b465ee728b) (PreviewImporter) -> (artifact id: 'dfdc88f76d303eb7726ccddf0913e800') in 0.005565375 seconds
Number of updated asset objects reloaded before import = 0Number of asset objects unloaded after import = 2

========================================================================
Received Import Request.
  Time since last request: 0.000068 seconds.
  path: Assets/CasualGameSounds/DM-CGS-44.wav
  artifactKey: Guid(b43d102aac6b145468dcaa94a5cccae1) Importer(815301076,1909f56bfc062723c751e8b465ee728b)
Start importing Assets/CasualGameSounds/DM-CGS-44.wav using Guid(b43d102aac6b145468dcaa94a5cccae1) Importer(815301076,1909f56bfc062723c751e8b465ee728b) (PreviewImporter) -> (artifact id: '8a03b6811056524e5c0b336ab691d016') in 0.005812417 seconds
Number of updated asset objects reloaded before import = 0Number of asset objects unloaded after import = 2

========================================================================
Received Import Request.
  Time since last request: 7.823549 seconds.
  path: Assets/TextMesh Pro
  artifactKey: Guid(f54d1bd14bd3ca042bd867b519fee8cc) Importer(815301076,1909f56bfc062723c751e8b465ee728b)
Start importing Assets/TextMesh Pro using Guid(f54d1bd14bd3ca042bd867b519fee8cc) Importer(815301076,1909f56bfc062723c751e8b465ee728b) (PreviewImporter) -> (artifact id: '441aa3e92cda27c68af8a1706ee847ab') in 0.000406167 seconds
Number of updated asset objects reloaded before import = 0Number of asset objects unloaded after import = 0

========================================================================
Received Import Request.
  Time since last request: 1.713916 seconds.
  path: Assets/TextMesh Pro/Documentation
  artifactKey: Guid(8e7e8f5a82a3a134e91c54efd2274ea9) Importer(815301076,1909f56bfc062723c751e8b465ee728b)
Start importing Assets/TextMesh Pro/Documentation using Guid(8e7e8f5a82a3a134e91c54efd2274ea9) Importer(815301076,1909f56bfc062723c751e8b465ee728b) (PreviewImporter) -> (artifact id: '4c32c655defec40d07e434c2cb729e85') in 0.000408666 seconds
Number of updated asset objects reloaded before import = 0Number of asset objects unloaded after import = 0

========================================================================
Received Import Request.
  Time since last request: 7.656782 seconds.
  path: Assets/Scenes
  artifactKey: Guid(6ea315d0fd7389c41b19996891e99ae3) Importer(815301076,1909f56bfc062723c751e8b465ee728b)
Start importing Assets/Scenes using Guid(6ea315d0fd7389c41b19996891e99ae3) Importer(815301076,1909f56bfc062723c751e8b465ee728b) (PreviewImporter) -> (artifact id: 'ebc56a425f574277bef41ed2dd408776') in 0.000458458 seconds
Number of updated asset objects reloaded before import = 0Number of asset objects unloaded after import = 0

========================================================================
Received Import Request.
  Time since last request: 7.139912 seconds.
  path: Assets/ProjectLittleAdventurer
  artifactKey: Guid(d813a7c5048e40348813f12282209138) Importer(815301076,1909f56bfc062723c751e8b465ee728b)
Start importing Assets/ProjectLittleAdventurer using Guid(d813a7c5048e40348813f12282209138) Importer(815301076,1909f56bfc062723c751e8b465ee728b) (PreviewImporter) -> (artifact id: '44be75b052f37c7476d725f12e1da7b5') in 0.000380583 seconds
Number of updated asset objects reloaded before import = 0Number of asset objects unloaded after import = 0

========================================================================
Received Import Request.
  Time since last request: 0.089731 seconds.
  path: Assets/ProjectLittleAdventurer/1.JPG
  artifactKey: Guid(a9f995da63669404ea20bc44f102fb8e) Importer(815301076,1909f56bfc062723c751e8b465ee728b)
Start importing Assets/ProjectLittleAdventurer/1.JPG using Guid(a9f995da63669404ea20bc44f102fb8e) Importer(815301076,1909f56bfc062723c751e8b465ee728b) (PreviewImporter) -> (artifact id: 'f7266302355c406963c910af03ee51a0') in 0.031140417 seconds
Number of updated asset objects reloaded before import = 0Number of asset objects unloaded after import = 2

========================================================================
Received Import Request.
  Time since last request: 0.000059 seconds.
  path: Assets/ProjectLittleAdventurer/text-1690272943777 1.png
  artifactKey: Guid(5070bdb4eb715cf41b2f111302c927e6) Importer(815301076,1909f56bfc062723c751e8b465ee728b)
Start importing Assets/ProjectLittleAdventurer/text-1690272943777 1.png using Guid(5070bdb4eb715cf41b2f111302c927e6) Importer(815301076,1909f56bfc062723c751e8b465ee728b) (PreviewImporter) -> (artifact id: '4b277552f7e4128fd5d0bd5c90f18cf1') in 0.019274625 seconds
Number of updated asset objects reloaded before import = 0Number of asset objects unloaded after import = 3

========================================================================
Received Import Request.
  Time since last request: 0.000050 seconds.
  path: Assets/ProjectLittleAdventurer/4.png
  artifactKey: Guid(a62a4c0194b2353429ecb917e502c6e3) Importer(815301076,1909f56bfc062723c751e8b465ee728b)
Start importing Assets/ProjectLittleAdventurer/4.png using Guid(a62a4c0194b2353429ecb917e502c6e3) Importer(815301076,1909f56bfc062723c751e8b465ee728b) (PreviewImporter) -> (artifact id: '1ad6bf9810b46e766b6ad8f0110ab670') in 0.010783208 seconds
Number of updated asset objects reloaded before import = 0Number of asset objects unloaded after import = 3

========================================================================
Received Import Request.
  Time since last request: 5.542308 seconds.
  path: Assets/ProjectLittleAdventurer/Mesh Asset
  artifactKey: Guid(0b6ab18f467b40948824279cd5b9ed03) Importer(815301076,1909f56bfc062723c751e8b465ee728b)
Start importing Assets/ProjectLittleAdventurer/Mesh Asset using Guid(0b6ab18f467b40948824279cd5b9ed03) Importer(815301076,1909f56bfc062723c751e8b465ee728b) (PreviewImporter) -> (artifact id: '0ca08b460e33d06e724d6e8e2be89b8f') in 0.000604208 seconds
Number of updated asset objects reloaded before import = 0Number of asset objects unloaded after import = 0

========================================================================
Received Import Request.
  Time since last request: 3.383830 seconds.
  path: Assets/ProjectLittleAdventurer/Mesh Asset/Character
  artifactKey: Guid(788565e5db5e2db40ad718c86b614c84) Importer(815301076,1909f56bfc062723c751e8b465ee728b)
Start importing Assets/ProjectLittleAdventurer/Mesh Asset/Character using Guid(788565e5db5e2db40ad718c86b614c84) Importer(815301076,1909f56bfc062723c751e8b465ee728b) (PreviewImporter) -> (artifact id: '1490626cfebe6be3fc6657922e9ad300') in 0.000418666 seconds
Number of updated asset objects reloaded before import = 0Number of asset objects unloaded after import = 0

========================================================================
Received Import Request.
  Time since last request: 1.082625 seconds.
  path: Assets/ProjectLittleAdventurer/Mesh Asset/Character/MainCharacter
  artifactKey: Guid(636b33bda2c74a8459dcec3e1b7c4463) Importer(815301076,1909f56bfc062723c751e8b465ee728b)
Start importing Assets/ProjectLittleAdventurer/Mesh Asset/Character/MainCharacter using Guid(636b33bda2c74a8459dcec3e1b7c4463) Importer(815301076,1909f56bfc062723c751e8b465ee728b) (PreviewImporter) -> (artifact id: '51f1ac282f997fdc77a261541594f4f8') in 0.000367958 seconds
Number of updated asset objects reloaded before import = 0Number of asset objects unloaded after import = 0

========================================================================
Received Import Request.
  Time since last request: 0.080595 seconds.
  path: Assets/ProjectLittleAdventurer/Mesh Asset/Character/MainCharacter/LittleAdventurerAndie.fbx
  artifactKey: Guid(c8896d83481fca741b2a75c5b0715041) Importer(815301076,1909f56bfc062723c751e8b465ee728b)
Start importing Assets/ProjectLittleAdventurer/Mesh Asset/Character/MainCharacter/LittleAdventurerAndie.fbx using Guid(c8896d83481fca741b2a75c5b0715041) Importer(815301076,1909f56bfc062723c751e8b465ee728b) (PreviewImporter) -> (artifact id: '87d9ca404fc8c104a209a3c3c6a59768') in 2.086372459 seconds
Number of updated asset objects reloaded before import = 0Number of asset objects unloaded after import = 234

========================================================================
Received Import Request.
  Time since last request: 2.380723 seconds.
  path: Assets/ProjectLittleAdventurer/Mesh Asset/Character/NPC_02
  artifactKey: Guid(8f449849317d8b14b8d78a7296f44bb8) Importer(815301076,1909f56bfc062723c751e8b465ee728b)
Start importing Assets/ProjectLittleAdventurer/Mesh Asset/Character/NPC_02 using Guid(8f449849317d8b14b8d78a7296f44bb8) Importer(815301076,1909f56bfc062723c751e8b465ee728b) (PreviewImporter) -> (artifact id: '359d2e764b8a3bcfe4e75d9b867ab6ea') in 0.000869333 seconds
Number of updated asset objects reloaded before import = 0Number of asset objects unloaded after import = 0

========================================================================
Received Import Request.
  Time since last request: 0.078360 seconds.
  path: Assets/ProjectLittleAdventurer/Mesh Asset/Character/NPC_02/NPC_02.fbx
  artifactKey: Guid(d2099f505e4515644bd8be3774ed2001) Importer(815301076,1909f56bfc062723c751e8b465ee728b)
Start importing Assets/ProjectLittleAdventurer/Mesh Asset/Character/NPC_02/NPC_02.fbx using Guid(d2099f505e4515644bd8be3774ed2001) Importer(815301076,1909f56bfc062723c751e8b465ee728b) (PreviewImporter) -> (artifact id: 'ae9ce00569ddca29fde559b32264a8dc') in 0.093936542 seconds
Number of updated asset objects reloaded before import = 0Number of asset objects unloaded after import = 99

========================================================================
Received Import Request.
  Time since last request: 3.672190 seconds.
  path: Assets/ProjectLittleAdventurer/Mesh Asset/Environment
  artifactKey: Guid(7d5ee4aab21075046a7fb0ae73a051ba) Importer(815301076,1909f56bfc062723c751e8b465ee728b)
Start importing Assets/ProjectLittleAdventurer/Mesh Asset/Environment using Guid(7d5ee4aab21075046a7fb0ae73a051ba) Importer(815301076,1909f56bfc062723c751e8b465ee728b) (PreviewImporter) -> (artifact id: '4464d8bc5ee1d728b18d168f1ae7a583') in 0.001525917 seconds
Number of updated asset objects reloaded before import = 0Number of asset objects unloaded after import = 0

========================================================================
Received Import Request.
  Time since last request: 1.299454 seconds.
  path: Assets/ProjectLittleAdventurer/Mesh Asset/Environment/Mesh
  artifactKey: Guid(8a76559cd8cec0344ad0e57cf032afc4) Importer(815301076,1909f56bfc062723c751e8b465ee728b)
Start importing Assets/ProjectLittleAdventurer/Mesh Asset/Environment/Mesh using Guid(8a76559cd8cec0344ad0e57cf032afc4) Importer(815301076,1909f56bfc062723c751e8b465ee728b) (PreviewImporter) -> (artifact id: '1c282f8475671a58437547646d81f956') in 0.0003795 seconds
Number of updated asset objects reloaded before import = 0Number of asset objects unloaded after import = 0

========================================================================
Received Import Request.
  Time since last request: 0.102906 seconds.
  path: Assets/ProjectLittleAdventurer/Mesh Asset/Environment/Mesh/Arc_Mid_high.fbx
  artifactKey: Guid(cd51abab3d12146458545f56c45f3c1c) Importer(815301076,1909f56bfc062723c751e8b465ee728b)
Start importing Assets/ProjectLittleAdventurer/Mesh Asset/Environment/Mesh/Arc_Mid_high.fbx using Guid(cd51abab3d12146458545f56c45f3c1c) Importer(815301076,1909f56bfc062723c751e8b465ee728b) (PreviewImporter) -> (artifact id: '78d53cabbbd3dac67800a14b4b533dea') in 0.033751917 seconds
Number of updated asset objects reloaded before import = 0Number of asset objects unloaded after import = 8

========================================================================
Received Import Request.
  Time since last request: 0.000055 seconds.
  path: Assets/ProjectLittleAdventurer/Mesh Asset/Environment/Mesh/Stairs_short_low.fbx
  artifactKey: Guid(de1169d73c3a699468be9a35d0b209dc) Importer(815301076,1909f56bfc062723c751e8b465ee728b)
Start importing Assets/ProjectLittleAdventurer/Mesh Asset/Environment/Mesh/Stairs_short_low.fbx using Guid(de1169d73c3a699468be9a35d0b209dc) Importer(815301076,1909f56bfc062723c751e8b465ee728b) (PreviewImporter) -> (artifact id: '809d5a87ee471058ca14d8cf6bfc4094') in 0.040595792 seconds
Number of updated asset objects reloaded before import = 0Number of asset objects unloaded after import = 8

========================================================================
Received Import Request.
  Time since last request: 0.000039 seconds.
  path: Assets/ProjectLittleAdventurer/Mesh Asset/Environment/Mesh/Leave_02.fbx
  artifactKey: Guid(984eb836d6a89724d9e0574f81fdb4ff) Importer(815301076,1909f56bfc062723c751e8b465ee728b)
Start importing Assets/ProjectLittleAdventurer/Mesh Asset/Environment/Mesh/Leave_02.fbx using Guid(984eb836d6a89724d9e0574f81fdb4ff) Importer(815301076,1909f56bfc062723c751e8b465ee728b) (PreviewImporter) -> (artifact id: 'c397774750b66200204b6e04a8e0efb2') in 0.0082715 seconds
Number of updated asset objects reloaded before import = 0Number of asset objects unloaded after import = 7

========================================================================
Received Import Request.
  Time since last request: 0.000050 seconds.
  path: Assets/ProjectLittleAdventurer/Mesh Asset/Environment/Mesh/pillar_25_2_low.fbx
  artifactKey: Guid(0919eb4acd9cc924abf171feeaeda2ce) Importer(815301076,1909f56bfc062723c751e8b465ee728b)
Start importing Assets/ProjectLittleAdventurer/Mesh Asset/Environment/Mesh/pillar_25_2_low.fbx using Guid(0919eb4acd9cc924abf171feeaeda2ce) Importer(815301076,1909f56bfc062723c751e8b465ee728b) (PreviewImporter) -> (artifact id: 'e8da310481487f931d7abb787abc68f5') in 0.013187125 seconds
Number of updated asset objects reloaded before import = 0Number of asset objects unloaded after import = 8

========================================================================
Received Import Request.
  Time since last request: 0.000054 seconds.
  path: Assets/ProjectLittleAdventurer/Mesh Asset/Environment/Mesh/Wall_4x0.6x2.5_low.fbx
  artifactKey: Guid(86d9f220b6e13de49afc6ce0b2dfee8b) Importer(815301076,1909f56bfc062723c751e8b465ee728b)
Start importing Assets/ProjectLittleAdventurer/Mesh Asset/Environment/Mesh/Wall_4x0.6x2.5_low.fbx using Guid(86d9f220b6e13de49afc6ce0b2dfee8b) Importer(815301076,1909f56bfc062723c751e8b465ee728b) (PreviewImporter) -> (artifact id: '909000ef34677a6f191dbc1c28e73e25') in 0.041393875 seconds
Number of updated asset objects reloaded before import = 0Number of asset objects unloaded after import = 8

========================================================================
Received Import Request.
  Time since last request: 0.000103 seconds.
  path: Assets/ProjectLittleAdventurer/Mesh Asset/Environment/Mesh/Gate_narrow.fbx
  artifactKey: Guid(fd92daab5f7629b41b8e0d36db5b5cc4) Importer(815301076,1909f56bfc062723c751e8b465ee728b)
Start importing Assets/ProjectLittleAdventurer/Mesh Asset/Environment/Mesh/Gate_narrow.fbx using Guid(fd92daab5f7629b41b8e0d36db5b5cc4) Importer(815301076,1909f56bfc062723c751e8b465ee728b) (PreviewImporter) -> (artifact id: '8ac359442d54745d31fe7df7251aa6b1') in 0.009518458 seconds
Number of updated asset objects reloaded before import = 0Number of asset objects unloaded after import = 7

========================================================================
Received Import Request.
  Time since last request: 0.000053 seconds.
  path: Assets/ProjectLittleAdventurer/Mesh Asset/Environment/Mesh/Wall_2x0.6x1.5_low.fbx
  artifactKey: Guid(b07ba12ab2a4be645863d4d8a4b01d99) Importer(815301076,1909f56bfc062723c751e8b465ee728b)
Start importing Assets/ProjectLittleAdventurer/Mesh Asset/Environment/Mesh/Wall_2x0.6x1.5_low.fbx using Guid(b07ba12ab2a4be645863d4d8a4b01d99) Importer(815301076,1909f56bfc062723c751e8b465ee728b) (PreviewImporter) -> (artifact id: '8eb0718f3353f34ce780072b6aca745e') in 0.013553583 seconds
Number of updated asset objects reloaded before import = 0Number of asset objects unloaded after import = 8

========================================================================
Received Import Request.
  Time since last request: 0.000044 seconds.
  path: Assets/ProjectLittleAdventurer/Mesh Asset/Environment/Mesh/Player_Statue.fbx
  artifactKey: Guid(805d9f094d4c59e42902a1b056c2c5ab) Importer(815301076,1909f56bfc062723c751e8b465ee728b)
Start importing Assets/ProjectLittleAdventurer/Mesh Asset/Environment/Mesh/Player_Statue.fbx using Guid(805d9f094d4c59e42902a1b056c2c5ab) Importer(815301076,1909f56bfc062723c751e8b465ee728b) (PreviewImporter) -> (artifact id: '6d4c2d9249c70e1a8a905ffa92d2362b') in 0.013427417 seconds
Number of updated asset objects reloaded before import = 0Number of asset objects unloaded after import = 8

========================================================================
Received Import Request.
  Time since last request: 0.000105 seconds.
  path: Assets/ProjectLittleAdventurer/Mesh Asset/Environment/Mesh/pillar_45_low.fbx
  artifactKey: Guid(0ee525e3c4b409041a279a3f68a02866) Importer(815301076,1909f56bfc062723c751e8b465ee728b)
Start importing Assets/ProjectLittleAdventurer/Mesh Asset/Environment/Mesh/pillar_45_low.fbx using Guid(0ee525e3c4b409041a279a3f68a02866) Importer(815301076,1909f56bfc062723c751e8b465ee728b) (PreviewImporter) -> (artifact id: 'f19ff0c5ce4c0a256d14994cbaa5c79e') in 0.009311875 seconds
Number of updated asset objects reloaded before import = 0Number of asset objects unloaded after import = 7

========================================================================
Received Import Request.
  Time since last request: 0.000055 seconds.
  path: Assets/ProjectLittleAdventurer/Mesh Asset/Environment/Mesh/Stairs_high_low.fbx
  artifactKey: Guid(77ad327ef122a764baecccf8e243c621) Importer(815301076,1909f56bfc062723c751e8b465ee728b)
Start importing Assets/ProjectLittleAdventurer/Mesh Asset/Environment/Mesh/Stairs_high_low.fbx using Guid(77ad327ef122a764baecccf8e243c621) Importer(815301076,1909f56bfc062723c751e8b465ee728b) (PreviewImporter) -> (artifact id: '4bc9e51b0669733de60571ed677eb76d') in 0.008396459 seconds
Number of updated asset objects reloaded before import = 0Number of asset objects unloaded after import = 7

========================================================================
Received Import Request.
  Time since last request: 0.000062 seconds.
  path: Assets/ProjectLittleAdventurer/Mesh Asset/Environment/Mesh/Wall_2x0.6x1.5_low_C.fbx
  artifactKey: Guid(beab235ece9b1ba4ab87133c70be2e05) Importer(815301076,1909f56bfc062723c751e8b465ee728b)
Start importing Assets/ProjectLittleAdventurer/Mesh Asset/Environment/Mesh/Wall_2x0.6x1.5_low_C.fbx using Guid(beab235ece9b1ba4ab87133c70be2e05) Importer(815301076,1909f56bfc062723c751e8b465ee728b) (PreviewImporter) -> (artifact id: '47f4536544aa35e4529287910d573adb') in 0.007990166 seconds
Number of updated asset objects reloaded before import = 0Number of asset objects unloaded after import = 7

========================================================================
Received Import Request.
  Time since last request: 0.000045 seconds.
  path: Assets/ProjectLittleAdventurer/Mesh Asset/Environment/Mesh/Stairs_high_side.fbx
  artifactKey: Guid(087ce99a6d381404f9806943970886cd) Importer(815301076,1909f56bfc062723c751e8b465ee728b)
Start importing Assets/ProjectLittleAdventurer/Mesh Asset/Environment/Mesh/Stairs_high_side.fbx using Guid(087ce99a6d381404f9806943970886cd) Importer(815301076,1909f56bfc062723c751e8b465ee728b) (PreviewImporter) -> (artifact id: '8ed0602a381a5d494bc6cded62ce2067') in 0.013959334 seconds
Number of updated asset objects reloaded before import = 0Number of asset objects unloaded after import = 8

========================================================================
Received Import Request.
  Time since last request: 0.000092 seconds.
  path: Assets/ProjectLittleAdventurer/Mesh Asset/Environment/Mesh/Wall_4x0.6x3.5_low_C.fbx
  artifactKey: Guid(4568700b5fab9ac4f98ec95df9df4678) Importer(815301076,1909f56bfc062723c751e8b465ee728b)
Start importing Assets/ProjectLittleAdventurer/Mesh Asset/Environment/Mesh/Wall_4x0.6x3.5_low_C.fbx using Guid(4568700b5fab9ac4f98ec95df9df4678) Importer(815301076,1909f56bfc062723c751e8b465ee728b) (PreviewImporter) -> (artifact id: '13d867c21802703cf169c04feee34244') in 0.00789475 seconds
Number of updated asset objects reloaded before import = 0Number of asset objects unloaded after import = 7

========================================================================
Received Import Request.
  Time since last request: 0.000054 seconds.
  path: Assets/ProjectLittleAdventurer/Mesh Asset/Environment/Mesh/pillar_25_low.fbx
  artifactKey: Guid(03733e2016b217f4393db391c711dc38) Importer(815301076,1909f56bfc062723c751e8b465ee728b)
Start importing Assets/ProjectLittleAdventurer/Mesh Asset/Environment/Mesh/pillar_25_low.fbx using Guid(03733e2016b217f4393db391c711dc38) Importer(815301076,1909f56bfc062723c751e8b465ee728b) (PreviewImporter) -> (artifact id: '9ee570cd9308b5bab0a0f30c1cfe601b') in 0.007481292 seconds
Number of updated asset objects reloaded before import = 0Number of asset objects unloaded after import = 7

========================================================================
Received Import Request.
  Time since last request: 0.000052 seconds.
  path: Assets/ProjectLittleAdventurer/Mesh Asset/Environment/Mesh/NPC_01_statue.fbx
  artifactKey: Guid(1ae670ee4d7e7654faa5541e488c9a15) Importer(815301076,1909f56bfc062723c751e8b465ee728b)
Start importing Assets/ProjectLittleAdventurer/Mesh Asset/Environment/Mesh/NPC_01_statue.fbx using Guid(1ae670ee4d7e7654faa5541e488c9a15) Importer(815301076,1909f56bfc062723c751e8b465ee728b) (PreviewImporter) -> (artifact id: '0607bfb6fd26adebf1b1a00eb27fb2e1') in 0.01462175 seconds
Number of updated asset objects reloaded before import = 0Number of asset objects unloaded after import = 8

========================================================================
Received Import Request.
  Time since last request: 0.000047 seconds.
  path: Assets/ProjectLittleAdventurer/Mesh Asset/Environment/Mesh/Rock_small_02.fbx
  artifactKey: Guid(3232fe2f8f1faa845a777a7908d1869e) Importer(815301076,1909f56bfc062723c751e8b465ee728b)
Start importing Assets/ProjectLittleAdventurer/Mesh Asset/Environment/Mesh/Rock_small_02.fbx using Guid(3232fe2f8f1faa845a777a7908d1869e) Importer(815301076,1909f56bfc062723c751e8b465ee728b) (PreviewImporter) -> (artifact id: '5f204dba02c0e24e912e7d66edce0c27') in 0.013788667 seconds
Number of updated asset objects reloaded before import = 0Number of asset objects unloaded after import = 8

========================================================================
Received Import Request.
  Time since last request: 0.000054 seconds.
  path: Assets/ProjectLittleAdventurer/Mesh Asset/Environment/Mesh/NPC_01_statue_02.fbx
  artifactKey: Guid(a7fa4ba7e58e10d43895fc20e7263258) Importer(815301076,1909f56bfc062723c751e8b465ee728b)
Start importing Assets/ProjectLittleAdventurer/Mesh Asset/Environment/Mesh/NPC_01_statue_02.fbx using Guid(a7fa4ba7e58e10d43895fc20e7263258) Importer(815301076,1909f56bfc062723c751e8b465ee728b) (PreviewImporter) -> (artifact id: '3dcc5fd8f683e1d2ee4bd279023b3db7') in 0.013141125 seconds
Number of updated asset objects reloaded before import = 0Number of asset objects unloaded after import = 8

========================================================================
Received Import Request.
  Time since last request: 0.000052 seconds.
  path: Assets/ProjectLittleAdventurer/Mesh Asset/Environment/Mesh/Wall_2x0.6x4_low.fbx
  artifactKey: Guid(ac22f3081cba55e4181054e2773adea1) Importer(815301076,1909f56bfc062723c751e8b465ee728b)
Start importing Assets/ProjectLittleAdventurer/Mesh Asset/Environment/Mesh/Wall_2x0.6x4_low.fbx using Guid(ac22f3081cba55e4181054e2773adea1) Importer(815301076,1909f56bfc062723c751e8b465ee728b) (PreviewImporter) -> (artifact id: '0bee7464cb1a5577fe22e8ba699ad6e8') in 0.013606875 seconds
Number of updated asset objects reloaded before import = 0Number of asset objects unloaded after import = 8

========================================================================
Received Import Request.
  Time since last request: 0.000051 seconds.
  path: Assets/ProjectLittleAdventurer/Mesh Asset/Environment/Mesh/Wall_4x0.6x1.5_02_low.fbx
  artifactKey: Guid(cf705d7d3f3fa6841955606e5e3e5136) Importer(815301076,1909f56bfc062723c751e8b465ee728b)
Start importing Assets/ProjectLittleAdventurer/Mesh Asset/Environment/Mesh/Wall_4x0.6x1.5_02_low.fbx using Guid(cf705d7d3f3fa6841955606e5e3e5136) Importer(815301076,1909f56bfc062723c751e8b465ee728b) (PreviewImporter) -> (artifact id: '26f0dc2dcea8a840fa5419e78a8dbd90') in 0.012213625 seconds
Number of updated asset objects reloaded before import = 0Number of asset objects unloaded after import = 8

========================================================================
Received Import Request.
  Time since last request: 0.000051 seconds.
  path: Assets/ProjectLittleAdventurer/Mesh Asset/Environment/Mesh/pillar_4_low.fbx
  artifactKey: Guid(c756e284df3ed4e4aa56ba849ddb4fda) Importer(815301076,1909f56bfc062723c751e8b465ee728b)
Start importing Assets/ProjectLittleAdventurer/Mesh Asset/Environment/Mesh/pillar_4_low.fbx using Guid(c756e284df3ed4e4aa56ba849ddb4fda) Importer(815301076,1909f56bfc062723c751e8b465ee728b) (PreviewImporter) -> (artifact id: '76ebe12174d25100471752b8b4f3b233') in 0.008374958 seconds
Number of updated asset objects reloaded before import = 0Number of asset objects unloaded after import = 7

========================================================================
Received Import Request.
  Time since last request: 0.000058 seconds.
  path: Assets/ProjectLittleAdventurer/Mesh Asset/Environment/Mesh/Tree_leaves.fbx
  artifactKey: Guid(20a5a1fd744b0a9448ce6cfabb435194) Importer(815301076,1909f56bfc062723c751e8b465ee728b)
Start importing Assets/ProjectLittleAdventurer/Mesh Asset/Environment/Mesh/Tree_leaves.fbx using Guid(20a5a1fd744b0a9448ce6cfabb435194) Importer(815301076,1909f56bfc062723c751e8b465ee728b) (PreviewImporter) -> (artifact id: 'f6aff515b478e34648b62c7cda89912f') in 0.013264416 seconds
Number of updated asset objects reloaded before import = 0Number of asset objects unloaded after import = 8

========================================================================
Received Import Request.
  Time since last request: 0.000056 seconds.
  path: Assets/ProjectLittleAdventurer/Mesh Asset/Environment/Mesh/PillarLamp_02.fbx
  artifactKey: Guid(3f82ced9a61b549498fada33ae8c9c02) Importer(815301076,1909f56bfc062723c751e8b465ee728b)
Start importing Assets/ProjectLittleAdventurer/Mesh Asset/Environment/Mesh/PillarLamp_02.fbx using Guid(3f82ced9a61b549498fada33ae8c9c02) Importer(815301076,1909f56bfc062723c751e8b465ee728b) (PreviewImporter) -> (artifact id: 'a316cc4977acf92f66e9dd3ff2b45cbc') in 0.036621334 seconds
Number of updated asset objects reloaded before import = 0Number of asset objects unloaded after import = 7

========================================================================
Received Import Request.
  Time since last request: 0.000051 seconds.
  path: Assets/ProjectLittleAdventurer/Mesh Asset/Environment/Mesh/Gate_wide.fbx
  artifactKey: Guid(420f4c72213af9d4a8f16e3c3cd0ab56) Importer(815301076,1909f56bfc062723c751e8b465ee728b)
Start importing Assets/ProjectLittleAdventurer/Mesh Asset/Environment/Mesh/Gate_wide.fbx using Guid(420f4c72213af9d4a8f16e3c3cd0ab56) Importer(815301076,1909f56bfc062723c751e8b465ee728b) (PreviewImporter) -> (artifact id: 'f1c7c662c4b12feb4f1f6a20b89637e1') in 0.007475 seconds
Number of updated asset objects reloaded before import = 0Number of asset objects unloaded after import = 7

========================================================================
Received Import Request.
  Time since last request: 0.000063 seconds.
  path: Assets/ProjectLittleAdventurer/Mesh Asset/Environment/Mesh/Base.fbx
  artifactKey: Guid(1053457cb95f66343bce946d02ffb2f1) Importer(815301076,1909f56bfc062723c751e8b465ee728b)
Start importing Assets/ProjectLittleAdventurer/Mesh Asset/Environment/Mesh/Base.fbx using Guid(1053457cb95f66343bce946d02ffb2f1) Importer(815301076,1909f56bfc062723c751e8b465ee728b) (PreviewImporter) -> (artifact id: '507d59c0abac27ff46e74b490f742c8b') in 0.014395708 seconds
Number of updated asset objects reloaded before import = 0Number of asset objects unloaded after import = 8

========================================================================
Received Import Request.
  Time since last request: 0.000060 seconds.
  path: Assets/ProjectLittleAdventurer/Mesh Asset/Environment/Mesh/Stairs_short_Handle_low.fbx
  artifactKey: Guid(623e7b40ab0e8b64fa6f40f5c22e22e9) Importer(815301076,1909f56bfc062723c751e8b465ee728b)
Start importing Assets/ProjectLittleAdventurer/Mesh Asset/Environment/Mesh/Stairs_short_Handle_low.fbx using Guid(623e7b40ab0e8b64fa6f40f5c22e22e9) Importer(815301076,1909f56bfc062723c751e8b465ee728b) (PreviewImporter) -> (artifact id: '1207ef0ca708929a0e556450cbaad0f4') in 0.007731 seconds
Number of updated asset objects reloaded before import = 0Number of asset objects unloaded after import = 7

========================================================================
Received Import Request.
  Time since last request: 0.000043 seconds.
  path: Assets/ProjectLittleAdventurer/Mesh Asset/Environment/Mesh/Stairs_high_handles_low.fbx
  artifactKey: Guid(9a669e59d76bf5b479847ec2221f0ab0) Importer(815301076,1909f56bfc062723c751e8b465ee728b)
Start importing Assets/ProjectLittleAdventurer/Mesh Asset/Environment/Mesh/Stairs_high_handles_low.fbx using Guid(9a669e59d76bf5b479847ec2221f0ab0) Importer(815301076,1909f56bfc062723c751e8b465ee728b) (PreviewImporter) -> (artifact id: 'c51813fb48ebc8ed2d35e46b75716bbc') in 0.013026584 seconds
Number of updated asset objects reloaded before import = 0Number of asset objects unloaded after import = 8

========================================================================
Received Import Request.
  Time since last request: 0.000053 seconds.
  path: Assets/ProjectLittleAdventurer/Mesh Asset/Environment/Mesh/pillar_35_low_C.fbx
  artifactKey: Guid(09cb945ead4e6ab488215faa57271e79) Importer(815301076,1909f56bfc062723c751e8b465ee728b)
Start importing Assets/ProjectLittleAdventurer/Mesh Asset/Environment/Mesh/pillar_35_low_C.fbx using Guid(09cb945ead4e6ab488215faa57271e79) Importer(815301076,1909f56bfc062723c751e8b465ee728b) (PreviewImporter) -> (artifact id: '0dd57a882f2e986a12f7004e17099da8') in 0.008691958 seconds
Number of updated asset objects reloaded before import = 0Number of asset objects unloaded after import = 7

========================================================================
Received Import Request.
  Time since last request: 0.000049 seconds.
  path: Assets/ProjectLittleAdventurer/Mesh Asset/Environment/Mesh/pillar_45_low_C.fbx
  artifactKey: Guid(64af920fdd1e9a144b0c9490f93e0146) Importer(815301076,1909f56bfc062723c751e8b465ee728b)
Start importing Assets/ProjectLittleAdventurer/Mesh Asset/Environment/Mesh/pillar_45_low_C.fbx using Guid(64af920fdd1e9a144b0c9490f93e0146) Importer(815301076,1909f56bfc062723c751e8b465ee728b) (PreviewImporter) -> (artifact id: '6869c8eb5da41a2d7994c0669c811ee6') in 0.007392667 seconds
Number of updated asset objects reloaded before import = 0Number of asset objects unloaded after import = 7

========================================================================
Received Import Request.
  Time since last request: 0.000054 seconds.
  path: Assets/ProjectLittleAdventurer/Mesh Asset/Environment/Mesh/Tree_trunk.fbx
  artifactKey: Guid(04a4a2a8bc41ff14296fbd4c78229729) Importer(815301076,1909f56bfc062723c751e8b465ee728b)
Start importing Assets/ProjectLittleAdventurer/Mesh Asset/Environment/Mesh/Tree_trunk.fbx using Guid(04a4a2a8bc41ff14296fbd4c78229729) Importer(815301076,1909f56bfc062723c751e8b465ee728b) (PreviewImporter) -> (artifact id: '4bac3adb9131b0e6118d65d65d39179b') in 0.007613791 seconds
Number of updated asset objects reloaded before import = 0Number of asset objects unloaded after import = 7

========================================================================
Received Import Request.
  Time since last request: 0.000084 seconds.
  path: Assets/ProjectLittleAdventurer/Mesh Asset/Environment/Mesh/pillar_35_low.fbx
  artifactKey: Guid(496d7461f8afb2640a10b50e44cbcbb3) Importer(815301076,1909f56bfc062723c751e8b465ee728b)
Start importing Assets/ProjectLittleAdventurer/Mesh Asset/Environment/Mesh/pillar_35_low.fbx using Guid(496d7461f8afb2640a10b50e44cbcbb3) Importer(815301076,1909f56bfc062723c751e8b465ee728b) (PreviewImporter) -> (artifact id: '9b6c13084e1f455f2657f6e2a3c45a07') in 0.013190334 seconds
Number of updated asset objects reloaded before import = 0Number of asset objects unloaded after import = 8

========================================================================
Received Import Request.
  Time since last request: 0.000058 seconds.
  path: Assets/ProjectLittleAdventurer/Mesh Asset/Environment/Mesh/Tree.fbx
  artifactKey: Guid(1d1be3e6feb717549b5dd83e0a2c372a) Importer(815301076,1909f56bfc062723c751e8b465ee728b)
Start importing Assets/ProjectLittleAdventurer/Mesh Asset/Environment/Mesh/Tree.fbx using Guid(1d1be3e6feb717549b5dd83e0a2c372a) Importer(815301076,1909f56bfc062723c751e8b465ee728b) (PreviewImporter) -> (artifact id: '739fdbb59a754f04bfa52186e9d211e9') in 0.0147375 seconds
Number of updated asset objects reloaded before import = 0Number of asset objects unloaded after import = 8

========================================================================
Received Import Request.
  Time since last request: 0.000095 seconds.
  path: Assets/ProjectLittleAdventurer/Mesh Asset/Environment/Mesh/Rock_01_low.fbx
  artifactKey: Guid(82ec38b1af55d1949ac783c75a8e3d42) Importer(815301076,1909f56bfc062723c751e8b465ee728b)
Start importing Assets/ProjectLittleAdventurer/Mesh Asset/Environment/Mesh/Rock_01_low.fbx using Guid(82ec38b1af55d1949ac783c75a8e3d42) Importer(815301076,1909f56bfc062723c751e8b465ee728b) (PreviewImporter) -> (artifact id: '82b3884c0f9dd1c5195f1c55b4f5f539') in 0.01325525 seconds
Number of updated asset objects reloaded before import = 0Number of asset objects unloaded after import = 8

========================================================================
Received Import Request.
  Time since last request: 0.000071 seconds.
  path: Assets/ProjectLittleAdventurer/Mesh Asset/Environment/Mesh/Wall_4x0.6x3.5_low.fbx
  artifactKey: Guid(2c66524eed2904b44afb05d645d47e65) Importer(815301076,1909f56bfc062723c751e8b465ee728b)
Start importing Assets/ProjectLittleAdventurer/Mesh Asset/Environment/Mesh/Wall_4x0.6x3.5_low.fbx using Guid(2c66524eed2904b44afb05d645d47e65) Importer(815301076,1909f56bfc062723c751e8b465ee728b) (PreviewImporter) -> (artifact id: 'f440f8957813f935e80e688ce02c9be4') in 0.01226175 seconds
Number of updated asset objects reloaded before import = 0Number of asset objects unloaded after import = 8

========================================================================
Received Import Request.
  Time since last request: 0.000052 seconds.
  path: Assets/ProjectLittleAdventurer/Mesh Asset/Environment/Mesh/PillarLamp.fbx
  artifactKey: Guid(0214f64913b6ea84ea5eba9f0638e52a) Importer(815301076,1909f56bfc062723c751e8b465ee728b)
Start importing Assets/ProjectLittleAdventurer/Mesh Asset/Environment/Mesh/PillarLamp.fbx using Guid(0214f64913b6ea84ea5eba9f0638e52a) Importer(815301076,1909f56bfc062723c751e8b465ee728b) (PreviewImporter) -> (artifact id: 'f353756877a9a74e1b5275c27992a928') in 0.007689416 seconds
Number of updated asset objects reloaded before import = 0Number of asset objects unloaded after import = 7

========================================================================
Received Import Request.
  Time since last request: 7.637716 seconds.
  path: Assets/ProjectLittleAdventurer/Prefab
  artifactKey: Guid(2fd32e24000fb99488b3f064d85eb84c) Importer(815301076,1909f56bfc062723c751e8b465ee728b)
Start importing Assets/ProjectLittleAdventurer/Prefab using Guid(2fd32e24000fb99488b3f064d85eb84c) Importer(815301076,1909f56bfc062723c751e8b465ee728b) (PreviewImporter) -> (artifact id: 'ef68f0b00cf947350b2abd3fa944fa8a') in 0.000354667 seconds
Number of updated asset objects reloaded before import = 0Number of asset objects unloaded after import = 0

========================================================================
Received Import Request.
  Time since last request: 0.061710 seconds.
  path: Assets/ProjectLittleAdventurer/Prefab/GameLevel.prefab
  artifactKey: Guid(468d9c46b67464e47bdc80e8f9103914) Importer(815301076,1909f56bfc062723c751e8b465ee728b)
Start importing Assets/ProjectLittleAdventurer/Prefab/GameLevel.prefab using Guid(468d9c46b67464e47bdc80e8f9103914) Importer(815301076,1909f56bfc062723c751e8b465ee728b) (PreviewImporter) -> (artifact id: '0cf196e266084d887cf968ab012eb3eb') in 6.765932916 seconds
Number of updated asset objects reloaded before import = 0Number of asset objects unloaded after import = 6101

========================================================================
Received Import Request.
  Time since last request: 8.128995 seconds.
  path: Assets/ProjectLittleAdventurer/Prefab/UI
  artifactKey: Guid(d6e2e6baca60e5740a788ab1824ffbbf) Importer(815301076,1909f56bfc062723c751e8b465ee728b)
Start importing Assets/ProjectLittleAdventurer/Prefab/UI using Guid(d6e2e6baca60e5740a788ab1824ffbbf) Importer(815301076,1909f56bfc062723c751e8b465ee728b) (PreviewImporter) -> (artifact id: '8618b19fc4a944484de6cf7482b6a2f5') in 0.004787458 seconds
Number of updated asset objects reloaded before import = 0Number of asset objects unloaded after import = 0

========================================================================
Received Import Request.
  Time since last request: 0.040765 seconds.
  path: Assets/ProjectLittleAdventurer/Prefab/UI/Button_Prefab.prefab
  artifactKey: Guid(f93eeeb2c6817564d8011ad6cbd8c52a) Importer(815301076,1909f56bfc062723c751e8b465ee728b)
Start importing Assets/ProjectLittleAdventurer/Prefab/UI/Button_Prefab.prefab using Guid(f93eeeb2c6817564d8011ad6cbd8c52a) Importer(815301076,1909f56bfc062723c751e8b465ee728b) (PreviewImporter) -> (artifact id: '2c2b306735339272529be98e6e5557f7') in 0.006556166 seconds
Number of updated asset objects reloaded before import = 0Number of asset objects unloaded after import = 7

========================================================================
Received Import Request.
  Time since last request: 27.569325 seconds.
  path: Assets/ProjectLittleAdventurer/UI/Outline.png
  artifactKey: Guid(93277d13577ef374a9685b7feb944647) Importer(815301076,1909f56bfc062723c751e8b465ee728b)
Start importing Assets/ProjectLittleAdventurer/UI/Outline.png using Guid(93277d13577ef374a9685b7feb944647) Importer(815301076,1909f56bfc062723c751e8b465ee728b) (PreviewImporter) -> (artifact id: '3aca121325769be68370545ca6233835') in 0.008910625 seconds
Number of updated asset objects reloaded before import = 0Number of asset objects unloaded after import = 3

========================================================================
Received Import Request.
  Time since last request: 8.141345 seconds.
  path: Assets/ProjectLittleAdventurer/UI/Coin.png
  artifactKey: Guid(97656c1d4d9e7c846ad45c07594a4eab) Importer(815301076,1909f56bfc062723c751e8b465ee728b)
Start importing Assets/ProjectLittleAdventurer/UI/Coin.png using Guid(97656c1d4d9e7c846ad45c07594a4eab) Importer(815301076,1909f56bfc062723c751e8b465ee728b) (PreviewImporter) -> (artifact id: '5bb796ef9002dab0c02d60f2dab3d5bc') in 0.00642375 seconds
Number of updated asset objects reloaded before import = 0Number of asset objects unloaded after import = 3

========================================================================
Received Import Request.
  Time since last request: 10.702143 seconds.
  path: Assets/ProjectLittleAdventurer/VFX/Textures/CartoonSphere.png
  artifactKey: Guid(8d15a84bdba00fb479bf6f94596d76fc) Importer(815301076,1909f56bfc062723c751e8b465ee728b)
Start importing Assets/ProjectLittleAdventurer/VFX/Textures/CartoonSphere.png using Guid(8d15a84bdba00fb479bf6f94596d76fc) Importer(815301076,1909f56bfc062723c751e8b465ee728b) (PreviewImporter) -> (artifact id: '8b686f4b1a500fdd37863de518519079') in 0.004911292 seconds
Number of updated asset objects reloaded before import = 0Number of asset objects unloaded after import = 2

========================================================================
Received Import Request.
  Time since last request: 0.000064 seconds.
  path: Assets/ProjectLittleAdventurer/Mesh Asset/Environment/Texture/Statue/NPC_01_statue_NPC_02.002_AlbedoTransparency 1.png
  artifactKey: Guid(ad7be751f6aa7894691cca95bb67a4d3) Importer(815301076,1909f56bfc062723c751e8b465ee728b)
Start importing Assets/ProjectLittleAdventurer/Mesh Asset/Environment/Texture/Statue/NPC_01_statue_NPC_02.002_AlbedoTransparency 1.png using Guid(ad7be751f6aa7894691cca95bb67a4d3) Importer(815301076,1909f56bfc062723c751e8b465ee728b) (PreviewImporter) -> (artifact id: '038b1060abfe53b771c800716b1c5bd3') in 0.011939708 seconds
Number of updated asset objects reloaded before import = 0Number of asset objects unloaded after import = 2

========================================================================
Received Import Request.
  Time since last request: 0.000048 seconds.
  path: Assets/ProjectLittleAdventurer/Mesh Asset/Environment/Texture/Statue/NPC_01_statue_02_NPC_02.001_AlbedoTransparency.png
  artifactKey: Guid(ecce970c19d361642be1dd7480fed376) Importer(815301076,1909f56bfc062723c751e8b465ee728b)
Start importing Assets/ProjectLittleAdventurer/Mesh Asset/Environment/Texture/Statue/NPC_01_statue_02_NPC_02.001_AlbedoTransparency.png using Guid(ecce970c19d361642be1dd7480fed376) Importer(815301076,1909f56bfc062723c751e8b465ee728b) (PreviewImporter) -> (artifact id: '184d4d4ab0da6f6eda6e76948c9a4f23') in 0.010059416 seconds
Number of updated asset objects reloaded before import = 0Number of asset objects unloaded after import = 2

========================================================================
Received Import Request.
  Time since last request: 0.000043 seconds.
  path: Assets/ProjectLittleAdventurer/VFX/Mesh/VFX_Sphere02.fbx
  artifactKey: Guid(7ef73355e5eeede48bd9111487e81083) Importer(815301076,1909f56bfc062723c751e8b465ee728b)
Start importing Assets/ProjectLittleAdventurer/VFX/Mesh/VFX_Sphere02.fbx using Guid(7ef73355e5eeede48bd9111487e81083) Importer(815301076,1909f56bfc062723c751e8b465ee728b) (PreviewImporter) -> (artifact id: '8a656fea5bf6152d1be449ed0ae854aa') in 0.010142209 seconds
Number of updated asset objects reloaded before import = 0Number of asset objects unloaded after import = 7

========================================================================
Received Import Request.
  Time since last request: 4.911078 seconds.
  path: Assets/TextMesh Pro/Examples & Extras/Resources/Sprite Assets
  artifactKey: Guid(3ac6db30e75b49b282a3564110579f27) Importer(815301076,1909f56bfc062723c751e8b465ee728b)
Start importing Assets/TextMesh Pro/Examples & Extras/Resources/Sprite Assets using Guid(3ac6db30e75b49b282a3564110579f27) Importer(815301076,1909f56bfc062723c751e8b465ee728b) (PreviewImporter) -> (artifact id: '45a46472560e24ec5aec232711fe0883') in 0.000586375 seconds
Number of updated asset objects reloaded before import = 0Number of asset objects unloaded after import = 0

========================================================================
Received Import Request.
  Time since last request: 0.064266 seconds.
  path: Assets/TextMesh Pro/Examples & Extras/Resources/Sprite Assets/DropCap Numbers.asset
  artifactKey: Guid(14aa93acbb234d16aaef0e8b46814db6) Importer(815301076,1909f56bfc062723c751e8b465ee728b)
Start importing Assets/TextMesh Pro/Examples & Extras/Resources/Sprite Assets/DropCap Numbers.asset using Guid(14aa93acbb234d16aaef0e8b46814db6) Importer(815301076,1909f56bfc062723c751e8b465ee728b) (PreviewImporter) -> (artifact id: 'edb6e786cacfc5c6e252d79f8487dd1b') in 0.002472375 seconds
Number of updated asset objects reloaded before import = 0Number of asset objects unloaded after import = 3

========================================================================
Received Import Request.
  Time since last request: 4.486012 seconds.
  path: Assets/TextMesh Pro/Examples & Extras/Resources/Fonts & Materials
  artifactKey: Guid(4f1e85c79acf49968737939ce8b445c7) Importer(815301076,1909f56bfc062723c751e8b465ee728b)
Start importing Assets/TextMesh Pro/Examples & Extras/Resources/Fonts & Materials using Guid(4f1e85c79acf49968737939ce8b445c7) Importer(815301076,1909f56bfc062723c751e8b465ee728b) (PreviewImporter) -> (artifact id: 'f8a1a2d8c6ec96fdd51b53f18fc1c423') in 0.000597917 seconds
Number of updated asset objects reloaded before import = 0Number of asset objects unloaded after import = 0

========================================================================
Received Import Request.
  Time since last request: 0.102133 seconds.
  path: Assets/TextMesh Pro/Examples & Extras/Resources/Fonts & Materials/Anton SDF.asset
  artifactKey: Guid(8a89fa14b10d46a99122fd4f73fca9a2) Importer(815301076,1909f56bfc062723c751e8b465ee728b)
Start importing Assets/TextMesh Pro/Examples & Extras/Resources/Fonts & Materials/Anton SDF.asset using Guid(8a89fa14b10d46a99122fd4f73fca9a2) Importer(815301076,1909f56bfc062723c751e8b465ee728b) (PreviewImporter) -> (artifact id: '74bdd8f468a38901fa685b9ae9a9939d') in 0.123846625 seconds
Number of updated asset objects reloaded before import = 0Number of asset objects unloaded after import = 6

========================================================================
Received Import Request.
  Time since last request: 0.000096 seconds.
  path: Assets/TextMesh Pro/Examples & Extras/Resources/Fonts & Materials/LiberationSans SDF - Overlay.mat
  artifactKey: Guid(9ad269c99dcf42b7aedefd83dd5a7b9d) Importer(815301076,1909f56bfc062723c751e8b465ee728b)
Start importing Assets/TextMesh Pro/Examples & Extras/Resources/Fonts & Materials/LiberationSans SDF - Overlay.mat using Guid(9ad269c99dcf42b7aedefd83dd5a7b9d) Importer(815301076,1909f56bfc062723c751e8b465ee728b) (PreviewImporter) -> (artifact id: '3ae98cb109578215b28c26984265a826') in 0.061404208 seconds
Number of updated asset objects reloaded before import = 0Number of asset objects unloaded after import = 2

========================================================================
Received Import Request.
  Time since last request: 0.000034 seconds.
  path: Assets/TextMesh Pro/Examples & Extras/Resources/Fonts & Materials/Roboto-Bold SDF - Drop Shadow.mat
  artifactKey: Guid(b246c4190f4e46ec9352fe15a7b09ce0) Importer(815301076,1909f56bfc062723c751e8b465ee728b)
Start importing Assets/TextMesh Pro/Examples & Extras/Resources/Fonts & Materials/Roboto-Bold SDF - Drop Shadow.mat using Guid(b246c4190f4e46ec9352fe15a7b09ce0) Importer(815301076,1909f56bfc062723c751e8b465ee728b) (PreviewImporter) -> (artifact id: '33acfcb2c128cc1bce1a1849d524110a') in 0.116198833 seconds
Number of updated asset objects reloaded before import = 0Number of asset objects unloaded after import = 2

========================================================================
Received Import Request.
  Time since last request: 0.000054 seconds.
  path: Assets/TextMesh Pro/Examples & Extras/Resources/Fonts & Materials/Unity SDF - HDRP LIT - Outline.mat
  artifactKey: Guid(967f61bb1e3e28645a39e0cb647cc79e) Importer(815301076,1909f56bfc062723c751e8b465ee728b)
Start importing Assets/TextMesh Pro/Examples & Extras/Resources/Fonts & Materials/Unity SDF - HDRP LIT - Outline.mat using Guid(967f61bb1e3e28645a39e0cb647cc79e) Importer(815301076,1909f56bfc062723c751e8b465ee728b) (PreviewImporter) -> (artifact id: 'f38836ee1fe3cd0431d9270ed0451096') in 0.023373125 seconds
Number of updated asset objects reloaded before import = 0Number of asset objects unloaded after import = 3

========================================================================
Received Import Request.
  Time since last request: 0.000052 seconds.
  path: Assets/TextMesh Pro/Examples & Extras/Resources/Fonts & Materials/Bangers SDF - Outline.mat
  artifactKey: Guid(f629c6e43dba4bf38cb74d8860150664) Importer(815301076,1909f56bfc062723c751e8b465ee728b)
Start importing Assets/TextMesh Pro/Examples & Extras/Resources/Fonts & Materials/Bangers SDF - Outline.mat using Guid(f629c6e43dba4bf38cb74d8860150664) Importer(815301076,1909f56bfc062723c751e8b465ee728b) (PreviewImporter) -> (artifact id: '71e99de6b39b39d36e5b2a7be327d7a4') in 0.095106583 seconds
Number of updated asset objects reloaded before import = 0Number of asset objects unloaded after import = 2

========================================================================
Received Import Request.
  Time since last request: 0.000041 seconds.
  path: Assets/TextMesh Pro/Examples & Extras/Resources/Fonts & Materials/Unity SDF.asset
  artifactKey: Guid(c9adb1f542a93ae489bacfeae21e8394) Importer(815301076,1909f56bfc062723c751e8b465ee728b)
Start importing Assets/TextMesh Pro/Examples & Extras/Resources/Fonts & Materials/Unity SDF.asset using Guid(c9adb1f542a93ae489bacfeae21e8394) Importer(815301076,1909f56bfc062723c751e8b465ee728b) (PreviewImporter) -> (artifact id: 'd1a45d0530c5075ea1ae847fed046787') in 0.020970209 seconds
Number of updated asset objects reloaded before import = 0Number of asset objects unloaded after import = 5

========================================================================
Received Import Request.
  Time since last request: 0.000061 seconds.
  path: Assets/TextMesh Pro/Examples & Extras/Resources/Fonts & Materials/Bangers SDF - Drop Shadow - 2 Pass.mat
  artifactKey: Guid(947a44964e53bf0448ff698b2a2219c0) Importer(815301076,1909f56bfc062723c751e8b465ee728b)
Start importing Assets/TextMesh Pro/Examples & Extras/Resources/Fonts & Materials/Bangers SDF - Drop Shadow - 2 Pass.mat using Guid(947a44964e53bf0448ff698b2a2219c0) Importer(815301076,1909f56bfc062723c751e8b465ee728b) (PreviewImporter) -> (artifact id: 'b5bff239c8c3d81f4736b4bca28be05b') in 0.105708708 seconds
Number of updated asset objects reloaded before import = 0Number of asset objects unloaded after import = 3

========================================================================
Received Import Request.
  Time since last request: 0.000062 seconds.
  path: Assets/TextMesh Pro/Examples & Extras/Resources/Fonts & Materials/Anton SDF - Sunny Days.mat
  artifactKey: Guid(6522f30e342599e4e9dd4cc2cc03c830) Importer(815301076,1909f56bfc062723c751e8b465ee728b)
Start importing Assets/TextMesh Pro/Examples & Extras/Resources/Fonts & Materials/Anton SDF - Sunny Days.mat using Guid(6522f30e342599e4e9dd4cc2cc03c830) Importer(815301076,1909f56bfc062723c751e8b465ee728b) (PreviewImporter) -> (artifact id: 'd93ba610cbf48a639886247290590528') in 0.160950375 seconds
Number of updated asset objects reloaded before import = 0Number of asset objects unloaded after import = 4

========================================================================
Received Import Request.
  Time since last request: 0.000058 seconds.
  path: Assets/TextMesh Pro/Examples & Extras/Resources/Fonts & Materials/Bangers SDF.asset
  artifactKey: Guid(125cb55b44b24c4393181402bc6200e6) Importer(815301076,1909f56bfc062723c751e8b465ee728b)
Start importing Assets/TextMesh Pro/Examples & Extras/Resources/Fonts & Materials/Bangers SDF.asset using Guid(125cb55b44b24c4393181402bc6200e6) Importer(815301076,1909f56bfc062723c751e8b465ee728b) (PreviewImporter) -> (artifact id: '23518b84043da1294d6c40c649e84ef2') in 0.090205125 seconds
Number of updated asset objects reloaded before import = 0Number of asset objects unloaded after import = 6

========================================================================
Received Import Request.
  Time since last request: 0.000135 seconds.
  path: Assets/TextMesh Pro/Examples & Extras/Resources/Fonts & Materials/Bangers SDF - Drop Shadow.mat
  artifactKey: Guid(f2dcf029949142e28b974630369c8b4e) Importer(815301076,1909f56bfc062723c751e8b465ee728b)
Start importing Assets/TextMesh Pro/Examples & Extras/Resources/Fonts & Materials/Bangers SDF - Drop Shadow.mat using Guid(f2dcf029949142e28b974630369c8b4e) Importer(815301076,1909f56bfc062723c751e8b465ee728b) (PreviewImporter) -> (artifact id: '4b6692b9d177d61914f21a20ba564d92') in 0.0169885 seconds
Number of updated asset objects reloaded before import = 0Number of asset objects unloaded after import = 2

========================================================================
Received Import Request.
  Time since last request: 0.000067 seconds.
  path: Assets/TextMesh Pro/Examples & Extras/Resources/Fonts & Materials/Roboto-Bold SDF - HDRP Unlit.mat
  artifactKey: Guid(2ddca8f46aa0838419d568affb0ca6b4) Importer(815301076,1909f56bfc062723c751e8b465ee728b)
Start importing Assets/TextMesh Pro/Examples & Extras/Resources/Fonts & Materials/Roboto-Bold SDF - HDRP Unlit.mat using Guid(2ddca8f46aa0838419d568affb0ca6b4) Importer(815301076,1909f56bfc062723c751e8b465ee728b) (PreviewImporter) -> (artifact id: '1bab16366770c5451ed07be8cda406d3') in 0.018318041 seconds
Number of updated asset objects reloaded before import = 0Number of asset objects unloaded after import = 4

========================================================================
Received Import Request.
  Time since last request: 0.000043 seconds.
  path: Assets/TextMesh Pro/Examples & Extras/Resources/Fonts & Materials/Bangers SDF Glow.mat
  artifactKey: Guid(d75b8f41e959450c84ac6e967084d3e1) Importer(815301076,1909f56bfc062723c751e8b465ee728b)
Start importing Assets/TextMesh Pro/Examples & Extras/Resources/Fonts & Materials/Bangers SDF Glow.mat using Guid(d75b8f41e959450c84ac6e967084d3e1) Importer(815301076,1909f56bfc062723c751e8b465ee728b) (PreviewImporter) -> (artifact id: 'f68bf2a6856f706c4986be2d281d27e3') in 0.129414084 seconds
Number of updated asset objects reloaded before import = 0Number of asset objects unloaded after import = 3

========================================================================
Received Import Request.
  Time since last request: 0.000046 seconds.
  path: Assets/TextMesh Pro/Examples & Extras/Resources/Fonts & Materials/Roboto-Bold SDF.asset
  artifactKey: Guid(5302535af1044152a457ed104f1f4b91) Importer(815301076,1909f56bfc062723c751e8b465ee728b)
Start importing Assets/TextMesh Pro/Examples & Extras/Resources/Fonts & Materials/Roboto-Bold SDF.asset using Guid(5302535af1044152a457ed104f1f4b91) Importer(815301076,1909f56bfc062723c751e8b465ee728b) (PreviewImporter) -> (artifact id: '31fbdc4a39c004f307cd7f29bac82c83') in 0.022384833 seconds
Number of updated asset objects reloaded before import = 0Number of asset objects unloaded after import = 6

========================================================================
Received Import Request.
  Time since last request: 0.000044 seconds.
  path: Assets/TextMesh Pro/Examples & Extras/Resources/Fonts & Materials/Bangers SDF Logo.mat
  artifactKey: Guid(f4e195ac1e204eff960149d1cb34e18c) Importer(815301076,1909f56bfc062723c751e8b465ee728b)
Start importing Assets/TextMesh Pro/Examples & Extras/Resources/Fonts & Materials/Bangers SDF Logo.mat using Guid(f4e195ac1e204eff960149d1cb34e18c) Importer(815301076,1909f56bfc062723c751e8b465ee728b) (PreviewImporter) -> (artifact id: '3f901635d84463a60f2a91d1e2a19f3d') in 0.039114166 seconds
Number of updated asset objects reloaded before import = 0Number of asset objects unloaded after import = 4

========================================================================
Received Import Request.
  Time since last request: 0.000056 seconds.
  path: Assets/TextMesh Pro/Examples & Extras/Resources/Fonts & Materials/LiberationSans SDF - Metalic Green.mat
  artifactKey: Guid(8b29aaa3eec7468097ff07adfcf29ac9) Importer(815301076,1909f56bfc062723c751e8b465ee728b)
Start importing Assets/TextMesh Pro/Examples & Extras/Resources/Fonts & Materials/LiberationSans SDF - Metalic Green.mat using Guid(8b29aaa3eec7468097ff07adfcf29ac9) Importer(815301076,1909f56bfc062723c751e8b465ee728b) (PreviewImporter) -> (artifact id: '2ff70017220823f414d99e7e89235d3e') in 0.164313375 seconds
Number of updated asset objects reloaded before import = 0Number of asset objects unloaded after import = 4

========================================================================
Received Import Request.
  Time since last request: 4.011737 seconds.
  path: Assets/TextMesh Pro/Sprites
  artifactKey: Guid(d0603b6d5186471b96c778c3949c7ce2) Importer(815301076,1909f56bfc062723c751e8b465ee728b)
Start importing Assets/TextMesh Pro/Sprites using Guid(d0603b6d5186471b96c778c3949c7ce2) Importer(815301076,1909f56bfc062723c751e8b465ee728b) (PreviewImporter) -> (artifact id: '3b1397cbd172eb8c449d39d664da0c95') in 0.000546459 seconds
Number of updated asset objects reloaded before import = 0Number of asset objects unloaded after import = 0

========================================================================
Received Import Request.
  Time since last request: 0.065003 seconds.
  path: Assets/TextMesh Pro/Sprites/EmojiOne.png
  artifactKey: Guid(dffef66376be4fa480fb02b19edbe903) Importer(815301076,1909f56bfc062723c751e8b465ee728b)
Start importing Assets/TextMesh Pro/Sprites/EmojiOne.png using Guid(dffef66376be4fa480fb02b19edbe903) Importer(815301076,1909f56bfc062723c751e8b465ee728b) (PreviewImporter) -> (artifact id: 'ac162bbc54e16f1f545d86e940e4338b') in 0.005669833 seconds
Number of updated asset objects reloaded before import = 0Number of asset objects unloaded after import = 2

========================================================================
Received Import Request.
  Time since last request: 1.860721 seconds.
  path: Assets/TextMesh Pro/Sprites/EmojiOne.json
  artifactKey: Guid(8f05276190cf498a8153f6cbe761d4e6) Importer(815301076,1909f56bfc062723c751e8b465ee728b)
Start importing Assets/TextMesh Pro/Sprites/EmojiOne.json using Guid(8f05276190cf498a8153f6cbe761d4e6) Importer(815301076,1909f56bfc062723c751e8b465ee728b) (PreviewImporter) -> (artifact id: '3d7d8ecc400a747e6f747979bda3467d') in 0.000771 seconds
Number of updated asset objects reloaded before import = 0Number of asset objects unloaded after import = 1

========================================================================
Received Import Request.
  Time since last request: 2.126949 seconds.
  path: Assets/TextMesh Pro/Sprites/EmojiOne Attribution.txt
  artifactKey: Guid(381dcb09d5029d14897e55f98031fca5) Importer(815301076,1909f56bfc062723c751e8b465ee728b)
Start importing Assets/TextMesh Pro/Sprites/EmojiOne Attribution.txt using Guid(381dcb09d5029d14897e55f98031fca5) Importer(815301076,1909f56bfc062723c751e8b465ee728b) (PreviewImporter) -> (artifact id: '640cec82fda9e71395c446b4731d5bd9') in 0.0007975 seconds
Number of updated asset objects reloaded before import = 0Number of asset objects unloaded after import = 1

========================================================================
Received Import Request.
  Time since last request: 170.462476 seconds.
  path: Assets
  artifactKey: Guid(00000000000000001000000000000000) Importer(815301076,1909f56bfc062723c751e8b465ee728b)
Start importing Assets using Guid(00000000000000001000000000000000) Importer(815301076,1909f56bfc062723c751e8b465ee728b) (PreviewImporter) -> (artifact id: 'c391582d739b6e62a5220f35cbb167ac') in 0.001448625 seconds
Number of updated asset objects reloaded before import = 0Number of asset objects unloaded after import = 0

========================================================================
Received Import Request.
  Time since last request: 8.978750 seconds.
  path: Assets/Game/image.png
  artifactKey: Guid(3cf1b567f45844f5dae4b36a8b95e81b) Importer(815301076,1909f56bfc062723c751e8b465ee728b)
Start importing Assets/Game/image.png using Guid(3cf1b567f45844f5dae4b36a8b95e81b) Importer(815301076,1909f56bfc062723c751e8b465ee728b) (PreviewImporter) -> (artifact id: '924b1e37533d8f4f6a814321a858fb67') in 0.022873875 seconds
Number of updated asset objects reloaded before import = 0Number of asset objects unloaded after import = 2

========================================================================
Received Prepare
Begin MonoManager ReloadAssembly
Thread 0x16d833000 may have been prematurely finalized
- Loaded All Assemblies, in  0.611 seconds
Refreshing native plugins compatible for Editor in 0.23 ms, found 2 plugins.
Native extension for OSXStandalone target not found
The project currently uses the compatibility mode where the Render Graph API is disabled. Support for this mode will be removed in future Unity versions. Migrate existing ScriptableRenderPasses to the new RenderGraph API. After the migration, disable the compatibility mode in Edit > Projects Settings > Graphics > Render Graph.
UnityEngine.Debug:ExtractStackTraceNoAlloc (byte*,int,string)
UnityEngine.StackTraceUtility:ExtractStackTrace () (at /Users/bokken/build/output/unity/unity/Runtime/Export/Scripting/StackTrace.cs:37)
UnityEngine.DebugLogHandler:Internal_Log (UnityEngine.LogType,UnityEngine.LogOption,string,UnityEngine.Object)
UnityEngine.DebugLogHandler:LogFormat (UnityEngine.LogType,UnityEngine.Object,string,object[])
UnityEngine.Logger:Log (UnityEngine.LogType,object)
UnityEngine.Debug:LogWarning (object)
UnityEngine.Rendering.Universal.WarnUsingNonRenderGraph:EmitConsoleWarning () (at ./Library/PackageCache/com.unity.render-pipelines.universal@15fef0f41df6/Runtime/Data/UniversalRenderPipelineAsset.cs:427)
System.Reflection.RuntimeMethodInfo:Invoke (object,System.Reflection.BindingFlags,System.Reflection.Binder,object[],System.Globalization.CultureInfo)
System.Reflection.MethodBase:Invoke (object,object[])
UnityEditor.EditorAssemblies:ProcessInitializeOnLoadMethodAttributes () (at /Users/bokken/build/output/unity/unity/Editor/Mono/EditorAssemblies.cs:142)

(Filename: ./Library/PackageCache/com.unity.render-pipelines.universal@15fef0f41df6/Runtime/Data/UniversalRenderPipelineAsset.cs Line: 427)

[MODES] ModeService[none].Initialize
[MODES] ModeService[none].LoadModes
Mono: successfully reloaded assembly
- Finished resetting the current domain, in  0.604 seconds
Domain Reload Profiling: 1218ms
	BeginReloadAssembly (200ms)
		ExecutionOrderSort (0ms)
		DisableScriptedObjects (23ms)
		BackupInstance (0ms)
		ReleaseScriptingObjects (0ms)
		CreateAndSetChildDomain (73ms)
	RebuildCommonClasses (22ms)
	RebuildNativeTypeToScriptingClass (9ms)
	initialDomainReloadingComplete (16ms)
	LoadAllAssembliesAndSetupDomain (366ms)
		LoadAssemblies (263ms)
		RebuildTransferFunctionScriptingTraits (0ms)
		AnalyzeDomain (158ms)
			TypeCache.Refresh (12ms)
				TypeCache.ScanAssembly (2ms)
			BuildScriptInfoCaches (136ms)
			ResolveRequiredComponents (7ms)
	FinalizeReload (604ms)
		ReleaseScriptCaches (0ms)
		RebuildScriptCaches (0ms)
		SetupLoadedEditorAssemblies (473ms)
			LogAssemblyErrors (0ms)
			InitializePlatformSupportModulesInManaged (2ms)
			SetLoadedEditorAssemblies (3ms)
			BeforeProcessingInitializeOnLoad (72ms)
			ProcessInitializeOnLoadAttributes (335ms)
			ProcessInitializeOnLoadMethodAttributes (59ms)
			AfterProcessingInitializeOnLoad (1ms)
			EditorAssembliesLoaded (0ms)
		ExecutionOrderSort2 (0ms)
		AwakeInstancesAfterBackupRestoration (6ms)
Refreshing native plugins compatible for Editor in 0.48 ms, found 2 plugins.
Preloading 0 native plugins for Editor in 0.00 ms.
Unloading 25 Unused Serialized files (Serialized files now loaded: 0)
Unloading 6921 unused Assets / (4.5 MB). Loaded Objects now: 7752.
Memory consumption went from 174.6 MB to 170.1 MB.
Total: 6.717667 ms (FindLiveObjects: 0.324709 ms CreateObjectMapping: 0.173000 ms MarkObjects: 4.343708 ms  DeleteObjects: 1.875500 ms)

Prepare: number of updated asset objects reloaded= 0
========================================================================
Received Import Request.
  Time since last request: 216.542728 seconds.
  path: Assets/Game/image.png
  artifactKey: Guid(3cf1b567f45844f5dae4b36a8b95e81b) Importer(815301076,1909f56bfc062723c751e8b465ee728b)
Start importing Assets/Game/image.png using Guid(3cf1b567f45844f5dae4b36a8b95e81b) Importer(815301076,1909f56bfc062723c751e8b465ee728b) (PreviewImporter) -> (artifact id: '1dbe3925e6aff099677096063cc9ab1d') in 0.037065958 seconds
Number of updated asset objects reloaded before import = 0Number of asset objects unloaded after import = 2

========================================================================
Received Import Request.
  Time since last request: 35.558830 seconds.
  path: Assets/Game/image.png
  artifactKey: Guid(3cf1b567f45844f5dae4b36a8b95e81b) Importer(815301076,1909f56bfc062723c751e8b465ee728b)
Start importing Assets/Game/image.png using Guid(3cf1b567f45844f5dae4b36a8b95e81b) Importer(815301076,1909f56bfc062723c751e8b465ee728b) (PreviewImporter) -> (artifact id: 'a73b50f2814966de19003db1146fc852') in 0.024892833 seconds
Number of updated asset objects reloaded before import = 0Number of asset objects unloaded after import = 3

========================================================================
Received Import Request.
  Time since last request: 53.521471 seconds.
  path: Assets/Game/image.png
  artifactKey: Guid(3cf1b567f45844f5dae4b36a8b95e81b) Importer(815301076,1909f56bfc062723c751e8b465ee728b)
Start importing Assets/Game/image.png using Guid(3cf1b567f45844f5dae4b36a8b95e81b) Importer(815301076,1909f56bfc062723c751e8b465ee728b) (PreviewImporter) -> (artifact id: 'aded050dea519567706c6b5252a644eb') in 0.012448167 seconds
Number of updated asset objects reloaded before import = 0Number of asset objects unloaded after import = 3

========================================================================
Received Import Request.
  Time since last request: 14.667246 seconds.
  path: Assets/Game/image.png
  artifactKey: Guid(3cf1b567f45844f5dae4b36a8b95e81b) Importer(815301076,1909f56bfc062723c751e8b465ee728b)
Start importing Assets/Game/image.png using Guid(3cf1b567f45844f5dae4b36a8b95e81b) Importer(815301076,1909f56bfc062723c751e8b465ee728b) (PreviewImporter) -> (artifact id: '0bd03ff5e418a84f931dcb6294d0dd3a') in 0.01028375 seconds
Number of updated asset objects reloaded before import = 0Number of asset objects unloaded after import = 3

========================================================================
Received Import Request.
  Time since last request: 260.791371 seconds.
  path: Assets/Game/image 1.png
  artifactKey: Guid(c3e8bfdae08444c1481cb02ca33695ee) Importer(815301076,1909f56bfc062723c751e8b465ee728b)
Start importing Assets/Game/image 1.png using Guid(c3e8bfdae08444c1481cb02ca33695ee) Importer(815301076,1909f56bfc062723c751e8b465ee728b) (PreviewImporter) -> (artifact id: '681ba68d310e9991d87713c17d50c8fa') in 0.019033167 seconds
Number of updated asset objects reloaded before import = 0Number of asset objects unloaded after import = 2

========================================================================
Received Import Request.
  Time since last request: 23.451175 seconds.
  path: Assets/Game/image 1.png
  artifactKey: Guid(c3e8bfdae08444c1481cb02ca33695ee) Importer(815301076,1909f56bfc062723c751e8b465ee728b)
Start importing Assets/Game/image 1.png using Guid(c3e8bfdae08444c1481cb02ca33695ee) Importer(815301076,1909f56bfc062723c751e8b465ee728b) (PreviewImporter) -> (artifact id: '8fb9920f133bf305facd81f98200d448') in 0.013092583 seconds
Number of updated asset objects reloaded before import = 0Number of asset objects unloaded after import = 3

========================================================================
Received Prepare
Begin MonoManager ReloadAssembly
Thread 0x16d577000 may have been prematurely finalized
- Loaded All Assemblies, in  0.559 seconds
Refreshing native plugins compatible for Editor in 0.23 ms, found 2 plugins.
Native extension for OSXStandalone target not found
The project currently uses the compatibility mode where the Render Graph API is disabled. Support for this mode will be removed in future Unity versions. Migrate existing ScriptableRenderPasses to the new RenderGraph API. After the migration, disable the compatibility mode in Edit > Projects Settings > Graphics > Render Graph.
UnityEngine.Debug:ExtractStackTraceNoAlloc (byte*,int,string)
UnityEngine.StackTraceUtility:ExtractStackTrace () (at /Users/bokken/build/output/unity/unity/Runtime/Export/Scripting/StackTrace.cs:37)
UnityEngine.DebugLogHandler:Internal_Log (UnityEngine.LogType,UnityEngine.LogOption,string,UnityEngine.Object)
UnityEngine.DebugLogHandler:LogFormat (UnityEngine.LogType,UnityEngine.Object,string,object[])
UnityEngine.Logger:Log (UnityEngine.LogType,object)
UnityEngine.Debug:LogWarning (object)
UnityEngine.Rendering.Universal.WarnUsingNonRenderGraph:EmitConsoleWarning () (at ./Library/PackageCache/com.unity.render-pipelines.universal@15fef0f41df6/Runtime/Data/UniversalRenderPipelineAsset.cs:427)
System.Reflection.RuntimeMethodInfo:Invoke (object,System.Reflection.BindingFlags,System.Reflection.Binder,object[],System.Globalization.CultureInfo)
System.Reflection.MethodBase:Invoke (object,object[])
UnityEditor.EditorAssemblies:ProcessInitializeOnLoadMethodAttributes () (at /Users/bokken/build/output/unity/unity/Editor/Mono/EditorAssemblies.cs:142)

(Filename: ./Library/PackageCache/com.unity.render-pipelines.universal@15fef0f41df6/Runtime/Data/UniversalRenderPipelineAsset.cs Line: 427)

[MODES] ModeService[none].Initialize
[MODES] ModeService[none].LoadModes
Mono: successfully reloaded assembly
- Finished resetting the current domain, in  0.663 seconds
Domain Reload Profiling: 1225ms
	BeginReloadAssembly (136ms)
		ExecutionOrderSort (0ms)
		DisableScriptedObjects (6ms)
		BackupInstance (0ms)
		ReleaseScriptingObjects (0ms)
		CreateAndSetChildDomain (51ms)
	RebuildCommonClasses (22ms)
	RebuildNativeTypeToScriptingClass (9ms)
	initialDomainReloadingComplete (14ms)
	LoadAllAssembliesAndSetupDomain (381ms)
		LoadAssemblies (253ms)
		RebuildTransferFunctionScriptingTraits (0ms)
		AnalyzeDomain (166ms)
			TypeCache.Refresh (10ms)
				TypeCache.ScanAssembly (0ms)
			BuildScriptInfoCaches (145ms)
			ResolveRequiredComponents (8ms)
	FinalizeReload (663ms)
		ReleaseScriptCaches (0ms)
		RebuildScriptCaches (0ms)
		SetupLoadedEditorAssemblies (502ms)
			LogAssemblyErrors (0ms)
			InitializePlatformSupportModulesInManaged (2ms)
			SetLoadedEditorAssemblies (3ms)
			BeforeProcessingInitializeOnLoad (74ms)
			ProcessInitializeOnLoadAttributes (359ms)
			ProcessInitializeOnLoadMethodAttributes (64ms)
			AfterProcessingInitializeOnLoad (1ms)
			EditorAssembliesLoaded (0ms)
		ExecutionOrderSort2 (0ms)
		AwakeInstancesAfterBackupRestoration (6ms)
Refreshing native plugins compatible for Editor in 0.29 ms, found 2 plugins.
Preloading 0 native plugins for Editor in 0.00 ms.
Unloading 19 Unused Serialized files (Serialized files now loaded: 0)
Unloading 6918 unused Assets / (5.1 MB). Loaded Objects now: 7756.
Memory consumption went from 173.0 MB to 167.9 MB.
Total: 7.135959 ms (FindLiveObjects: 0.340208 ms CreateObjectMapping: 0.176667 ms MarkObjects: 4.634375 ms  DeleteObjects: 1.984167 ms)

Prepare: number of updated asset objects reloaded= 0
========================================================================
Received Prepare
Begin MonoManager ReloadAssembly
Thread 0x16d577000 may have been prematurely finalized
- Loaded All Assemblies, in  0.448 seconds
Refreshing native plugins compatible for Editor in 0.23 ms, found 2 plugins.
Native extension for OSXStandalone target not found
The project currently uses the compatibility mode where the Render Graph API is disabled. Support for this mode will be removed in future Unity versions. Migrate existing ScriptableRenderPasses to the new RenderGraph API. After the migration, disable the compatibility mode in Edit > Projects Settings > Graphics > Render Graph.
UnityEngine.Debug:ExtractStackTraceNoAlloc (byte*,int,string)
UnityEngine.StackTraceUtility:ExtractStackTrace () (at /Users/bokken/build/output/unity/unity/Runtime/Export/Scripting/StackTrace.cs:37)
UnityEngine.DebugLogHandler:Internal_Log (UnityEngine.LogType,UnityEngine.LogOption,string,UnityEngine.Object)
UnityEngine.DebugLogHandler:LogFormat (UnityEngine.LogType,UnityEngine.Object,string,object[])
UnityEngine.Logger:Log (UnityEngine.LogType,object)
UnityEngine.Debug:LogWarning (object)
UnityEngine.Rendering.Universal.WarnUsingNonRenderGraph:EmitConsoleWarning () (at ./Library/PackageCache/com.unity.render-pipelines.universal@15fef0f41df6/Runtime/Data/UniversalRenderPipelineAsset.cs:427)
System.Reflection.RuntimeMethodInfo:Invoke (object,System.Reflection.BindingFlags,System.Reflection.Binder,object[],System.Globalization.CultureInfo)
System.Reflection.MethodBase:Invoke (object,object[])
UnityEditor.EditorAssemblies:ProcessInitializeOnLoadMethodAttributes () (at /Users/bokken/build/output/unity/unity/Editor/Mono/EditorAssemblies.cs:142)

(Filename: ./Library/PackageCache/com.unity.render-pipelines.universal@15fef0f41df6/Runtime/Data/UniversalRenderPipelineAsset.cs Line: 427)

[MODES] ModeService[none].Initialize
[MODES] ModeService[none].LoadModes
Mono: successfully reloaded assembly
- Finished resetting the current domain, in  0.622 seconds
Domain Reload Profiling: 1073ms
	BeginReloadAssembly (92ms)
		ExecutionOrderSort (0ms)
		DisableScriptedObjects (3ms)
		BackupInstance (0ms)
		ReleaseScriptingObjects (0ms)
		CreateAndSetChildDomain (27ms)
	RebuildCommonClasses (25ms)
	RebuildNativeTypeToScriptingClass (9ms)
	initialDomainReloadingComplete (13ms)
	LoadAllAssembliesAndSetupDomain (312ms)
		LoadAssemblies (196ms)
		RebuildTransferFunctionScriptingTraits (0ms)
		AnalyzeDomain (148ms)
			TypeCache.Refresh (7ms)
				TypeCache.ScanAssembly (0ms)
			BuildScriptInfoCaches (132ms)
			ResolveRequiredComponents (8ms)
	FinalizeReload (622ms)
		ReleaseScriptCaches (0ms)
		RebuildScriptCaches (0ms)
		SetupLoadedEditorAssemblies (497ms)
			LogAssemblyErrors (0ms)
			InitializePlatformSupportModulesInManaged (2ms)
			SetLoadedEditorAssemblies (3ms)
			BeforeProcessingInitializeOnLoad (79ms)
			ProcessInitializeOnLoadAttributes (345ms)
			ProcessInitializeOnLoadMethodAttributes (66ms)
			AfterProcessingInitializeOnLoad (1ms)
			EditorAssembliesLoaded (0ms)
		ExecutionOrderSort2 (0ms)
		AwakeInstancesAfterBackupRestoration (6ms)
Refreshing native plugins compatible for Editor in 0.45 ms, found 2 plugins.
Preloading 0 native plugins for Editor in 0.00 ms.
Unloading 19 Unused Serialized files (Serialized files now loaded: 0)
Unloading 6918 unused Assets / (4.8 MB). Loaded Objects now: 7758.
Memory consumption went from 172.9 MB to 168.1 MB.
Total: 7.141958 ms (FindLiveObjects: 0.364292 ms CreateObjectMapping: 0.221208 ms MarkObjects: 4.523083 ms  DeleteObjects: 2.032916 ms)

Prepare: number of updated asset objects reloaded= 0
========================================================================
Received Prepare
Begin MonoManager ReloadAssembly
Thread 0x16d577000 may have been prematurely finalized
- Loaded All Assemblies, in  0.468 seconds
Refreshing native plugins compatible for Editor in 0.23 ms, found 2 plugins.
Native extension for OSXStandalone target not found
The project currently uses the compatibility mode where the Render Graph API is disabled. Support for this mode will be removed in future Unity versions. Migrate existing ScriptableRenderPasses to the new RenderGraph API. After the migration, disable the compatibility mode in Edit > Projects Settings > Graphics > Render Graph.
UnityEngine.Debug:ExtractStackTraceNoAlloc (byte*,int,string)
UnityEngine.StackTraceUtility:ExtractStackTrace () (at /Users/bokken/build/output/unity/unity/Runtime/Export/Scripting/StackTrace.cs:37)
UnityEngine.DebugLogHandler:Internal_Log (UnityEngine.LogType,UnityEngine.LogOption,string,UnityEngine.Object)
UnityEngine.DebugLogHandler:LogFormat (UnityEngine.LogType,UnityEngine.Object,string,object[])
UnityEngine.Logger:Log (UnityEngine.LogType,object)
UnityEngine.Debug:LogWarning (object)
UnityEngine.Rendering.Universal.WarnUsingNonRenderGraph:EmitConsoleWarning () (at ./Library/PackageCache/com.unity.render-pipelines.universal@15fef0f41df6/Runtime/Data/UniversalRenderPipelineAsset.cs:427)
System.Reflection.RuntimeMethodInfo:Invoke (object,System.Reflection.BindingFlags,System.Reflection.Binder,object[],System.Globalization.CultureInfo)
System.Reflection.MethodBase:Invoke (object,object[])
UnityEditor.EditorAssemblies:ProcessInitializeOnLoadMethodAttributes () (at /Users/bokken/build/output/unity/unity/Editor/Mono/EditorAssemblies.cs:142)

(Filename: ./Library/PackageCache/com.unity.render-pipelines.universal@15fef0f41df6/Runtime/Data/UniversalRenderPipelineAsset.cs Line: 427)

[MODES] ModeService[none].Initialize
[MODES] ModeService[none].LoadModes
Mono: successfully reloaded assembly
- Finished resetting the current domain, in  0.596 seconds
Domain Reload Profiling: 1067ms
	BeginReloadAssembly (102ms)
		ExecutionOrderSort (0ms)
		DisableScriptedObjects (4ms)
		BackupInstance (0ms)
		ReleaseScriptingObjects (0ms)
		CreateAndSetChildDomain (33ms)
	RebuildCommonClasses (24ms)
	RebuildNativeTypeToScriptingClass (9ms)
	initialDomainReloadingComplete (14ms)
	LoadAllAssembliesAndSetupDomain (320ms)
		LoadAssemblies (208ms)
		RebuildTransferFunctionScriptingTraits (0ms)
		AnalyzeDomain (145ms)
			TypeCache.Refresh (8ms)
				TypeCache.ScanAssembly (0ms)
			BuildScriptInfoCaches (127ms)
			ResolveRequiredComponents (8ms)
	FinalizeReload (597ms)
		ReleaseScriptCaches (0ms)
		RebuildScriptCaches (0ms)
		SetupLoadedEditorAssemblies (476ms)
			LogAssemblyErrors (0ms)
			InitializePlatformSupportModulesInManaged (2ms)
			SetLoadedEditorAssemblies (3ms)
			BeforeProcessingInitializeOnLoad (75ms)
			ProcessInitializeOnLoadAttributes (336ms)
			ProcessInitializeOnLoadMethodAttributes (60ms)
			AfterProcessingInitializeOnLoad (1ms)
			EditorAssembliesLoaded (0ms)
		ExecutionOrderSort2 (0ms)
		AwakeInstancesAfterBackupRestoration (6ms)
Refreshing native plugins compatible for Editor in 0.34 ms, found 2 plugins.
Preloading 0 native plugins for Editor in 0.00 ms.
Unloading 19 Unused Serialized files (Serialized files now loaded: 0)
Unloading 6918 unused Assets / (5.4 MB). Loaded Objects now: 7760.
Memory consumption went from 172.9 MB to 167.5 MB.
Total: 6.856958 ms (FindLiveObjects: 0.363167 ms CreateObjectMapping: 0.182291 ms MarkObjects: 4.390500 ms  DeleteObjects: 1.920625 ms)

Prepare: number of updated asset objects reloaded= 0
========================================================================
Received Prepare
Begin MonoManager ReloadAssembly
Thread 0x16d577000 may have been prematurely finalized
- Loaded All Assemblies, in  0.549 seconds
Refreshing native plugins compatible for Editor in 0.25 ms, found 2 plugins.
Native extension for OSXStandalone target not found
The project currently uses the compatibility mode where the Render Graph API is disabled. Support for this mode will be removed in future Unity versions. Migrate existing ScriptableRenderPasses to the new RenderGraph API. After the migration, disable the compatibility mode in Edit > Projects Settings > Graphics > Render Graph.
UnityEngine.Debug:ExtractStackTraceNoAlloc (byte*,int,string)
UnityEngine.StackTraceUtility:ExtractStackTrace () (at /Users/bokken/build/output/unity/unity/Runtime/Export/Scripting/StackTrace.cs:37)
UnityEngine.DebugLogHandler:Internal_Log (UnityEngine.LogType,UnityEngine.LogOption,string,UnityEngine.Object)
UnityEngine.DebugLogHandler:LogFormat (UnityEngine.LogType,UnityEngine.Object,string,object[])
UnityEngine.Logger:Log (UnityEngine.LogType,object)
UnityEngine.Debug:LogWarning (object)
UnityEngine.Rendering.Universal.WarnUsingNonRenderGraph:EmitConsoleWarning () (at ./Library/PackageCache/com.unity.render-pipelines.universal@15fef0f41df6/Runtime/Data/UniversalRenderPipelineAsset.cs:427)
System.Reflection.RuntimeMethodInfo:Invoke (object,System.Reflection.BindingFlags,System.Reflection.Binder,object[],System.Globalization.CultureInfo)
System.Reflection.MethodBase:Invoke (object,object[])
UnityEditor.EditorAssemblies:ProcessInitializeOnLoadMethodAttributes () (at /Users/bokken/build/output/unity/unity/Editor/Mono/EditorAssemblies.cs:142)

(Filename: ./Library/PackageCache/com.unity.render-pipelines.universal@15fef0f41df6/Runtime/Data/UniversalRenderPipelineAsset.cs Line: 427)

[MODES] ModeService[none].Initialize
[MODES] ModeService[none].LoadModes
Mono: successfully reloaded assembly
- Finished resetting the current domain, in  0.661 seconds
Domain Reload Profiling: 1213ms
	BeginReloadAssembly (140ms)
		ExecutionOrderSort (0ms)
		DisableScriptedObjects (6ms)
		BackupInstance (0ms)
		ReleaseScriptingObjects (0ms)
		CreateAndSetChildDomain (50ms)
	RebuildCommonClasses (24ms)
	RebuildNativeTypeToScriptingClass (9ms)
	initialDomainReloadingComplete (15ms)
	LoadAllAssembliesAndSetupDomain (362ms)
		LoadAssemblies (254ms)
		RebuildTransferFunctionScriptingTraits (0ms)
		AnalyzeDomain (152ms)
			TypeCache.Refresh (12ms)
				TypeCache.ScanAssembly (0ms)
			BuildScriptInfoCaches (130ms)
			ResolveRequiredComponents (8ms)
	FinalizeReload (662ms)
		ReleaseScriptCaches (0ms)
		RebuildScriptCaches (0ms)
		SetupLoadedEditorAssemblies (478ms)
			LogAssemblyErrors (0ms)
			InitializePlatformSupportModulesInManaged (2ms)
			SetLoadedEditorAssemblies (3ms)
			BeforeProcessingInitializeOnLoad (80ms)
			ProcessInitializeOnLoadAttributes (334ms)
			ProcessInitializeOnLoadMethodAttributes (58ms)
			AfterProcessingInitializeOnLoad (1ms)
			EditorAssembliesLoaded (0ms)
		ExecutionOrderSort2 (0ms)
		AwakeInstancesAfterBackupRestoration (6ms)
Refreshing native plugins compatible for Editor in 0.39 ms, found 2 plugins.
Preloading 0 native plugins for Editor in 0.00 ms.
Unloading 19 Unused Serialized files (Serialized files now loaded: 0)
Unloading 6918 unused Assets / (5.1 MB). Loaded Objects now: 7762.
Memory consumption went from 172.9 MB to 167.9 MB.
Total: 12.940917 ms (FindLiveObjects: 0.362625 ms CreateObjectMapping: 0.199459 ms MarkObjects: 10.075791 ms  DeleteObjects: 2.302541 ms)

Prepare: number of updated asset objects reloaded= 0
========================================================================
Received Import Request.
  Time since last request: 608.032770 seconds.
  path: Assets/ProjectLittleAdventurer/Settings/CubemapMainmenuScene.cubemap
  artifactKey: Guid(fd5dba299abccaf4c8b26f7b5fe70eef) Importer(815301076,1909f56bfc062723c751e8b465ee728b)
Start importing Assets/ProjectLittleAdventurer/Settings/CubemapMainmenuScene.cubemap using Guid(fd5dba299abccaf4c8b26f7b5fe70eef) Importer(815301076,1909f56bfc062723c751e8b465ee728b) (PreviewImporter) -> (artifact id: 'b44f9a70ce09b736a417f5debf55026c') in 0.319067875 seconds
Number of updated asset objects reloaded before import = 0Number of asset objects unloaded after import = 2

========================================================================
Received Import Request.
  Time since last request: 9.154371 seconds.
  path: Assets/Game/MainMenu.unity
  artifactKey: Guid(939fde364894990448e6f6a8cb0b7968) Importer(815301076,1909f56bfc062723c751e8b465ee728b)
Start importing Assets/Game/MainMenu.unity using Guid(939fde364894990448e6f6a8cb0b7968) Importer(815301076,1909f56bfc062723c751e8b465ee728b) (PreviewImporter) -> (artifact id: 'f002fb958bf7c5bb533761a818448255') in 0.000648167 seconds
Number of updated asset objects reloaded before import = 0Number of asset objects unloaded after import = 0

========================================================================
Received Import Request.
  Time since last request: 4.644604 seconds.
  path: Assets/Game/MainMenu 1.unity
  artifactKey: Guid(9a96a2d1e437b4e7cbfe255a6167e4b1) Importer(815301076,1909f56bfc062723c751e8b465ee728b)
Start importing Assets/Game/MainMenu 1.unity using Guid(9a96a2d1e437b4e7cbfe255a6167e4b1) Importer(815301076,1909f56bfc062723c751e8b465ee728b) (PreviewImporter) -> (artifact id: '0490d03d0e939fd5a26f33c61d2dc211') in 0.000447333 seconds
Number of updated asset objects reloaded before import = 0Number of asset objects unloaded after import = 0

========================================================================
Received Import Request.
  Time since last request: 16.796201 seconds.
  path: Assets/Game/Levels.unity
  artifactKey: Guid(9a96a2d1e437b4e7cbfe255a6167e4b1) Importer(815301076,1909f56bfc062723c751e8b465ee728b)
Start importing Assets/Game/Levels.unity using Guid(9a96a2d1e437b4e7cbfe255a6167e4b1) Importer(815301076,1909f56bfc062723c751e8b465ee728b) (PreviewImporter) -> (artifact id: '79719bcfda1725d120b4f785af48101a') in 0.000394292 seconds
Number of updated asset objects reloaded before import = 0Number of asset objects unloaded after import = 0

========================================================================
Received Prepare
Begin MonoManager ReloadAssembly
Thread 0x16d577000 may have been prematurely finalized
- Loaded All Assemblies, in  0.506 seconds
Refreshing native plugins compatible for Editor in 0.23 ms, found 2 plugins.
Native extension for OSXStandalone target not found
The project currently uses the compatibility mode where the Render Graph API is disabled. Support for this mode will be removed in future Unity versions. Migrate existing ScriptableRenderPasses to the new RenderGraph API. After the migration, disable the compatibility mode in Edit > Projects Settings > Graphics > Render Graph.
UnityEngine.Debug:ExtractStackTraceNoAlloc (byte*,int,string)
UnityEngine.StackTraceUtility:ExtractStackTrace () (at /Users/bokken/build/output/unity/unity/Runtime/Export/Scripting/StackTrace.cs:37)
UnityEngine.DebugLogHandler:Internal_Log (UnityEngine.LogType,UnityEngine.LogOption,string,UnityEngine.Object)
UnityEngine.DebugLogHandler:LogFormat (UnityEngine.LogType,UnityEngine.Object,string,object[])
UnityEngine.Logger:Log (UnityEngine.LogType,object)
UnityEngine.Debug:LogWarning (object)
UnityEngine.Rendering.Universal.WarnUsingNonRenderGraph:EmitConsoleWarning () (at ./Library/PackageCache/com.unity.render-pipelines.universal@15fef0f41df6/Runtime/Data/UniversalRenderPipelineAsset.cs:427)
System.Reflection.RuntimeMethodInfo:Invoke (object,System.Reflection.BindingFlags,System.Reflection.Binder,object[],System.Globalization.CultureInfo)
System.Reflection.MethodBase:Invoke (object,object[])
UnityEditor.EditorAssemblies:ProcessInitializeOnLoadMethodAttributes () (at /Users/bokken/build/output/unity/unity/Editor/Mono/EditorAssemblies.cs:142)

(Filename: ./Library/PackageCache/com.unity.render-pipelines.universal@15fef0f41df6/Runtime/Data/UniversalRenderPipelineAsset.cs Line: 427)

[MODES] ModeService[none].Initialize
[MODES] ModeService[none].LoadModes
Mono: successfully reloaded assembly
- Finished resetting the current domain, in  0.624 seconds
Domain Reload Profiling: 1132ms
	BeginReloadAssembly (113ms)
		ExecutionOrderSort (0ms)
		DisableScriptedObjects (9ms)
		BackupInstance (0ms)
		ReleaseScriptingObjects (0ms)
		CreateAndSetChildDomain (41ms)
	RebuildCommonClasses (22ms)
	RebuildNativeTypeToScriptingClass (9ms)
	initialDomainReloadingComplete (14ms)
	LoadAllAssembliesAndSetupDomain (350ms)
		LoadAssemblies (222ms)
		RebuildTransferFunctionScriptingTraits (0ms)
		AnalyzeDomain (158ms)
			TypeCache.Refresh (10ms)
				TypeCache.ScanAssembly (0ms)
			BuildScriptInfoCaches (137ms)
			ResolveRequiredComponents (8ms)
	FinalizeReload (625ms)
		ReleaseScriptCaches (0ms)
		RebuildScriptCaches (0ms)
		SetupLoadedEditorAssemblies (474ms)
			LogAssemblyErrors (0ms)
			InitializePlatformSupportModulesInManaged (2ms)
			SetLoadedEditorAssemblies (4ms)
			BeforeProcessingInitializeOnLoad (94ms)
			ProcessInitializeOnLoadAttributes (315ms)
			ProcessInitializeOnLoadMethodAttributes (58ms)
			AfterProcessingInitializeOnLoad (1ms)
			EditorAssembliesLoaded (0ms)
		ExecutionOrderSort2 (0ms)
		AwakeInstancesAfterBackupRestoration (6ms)
Refreshing native plugins compatible for Editor in 0.35 ms, found 2 plugins.
Preloading 0 native plugins for Editor in 0.00 ms.
Unloading 19 Unused Serialized files (Serialized files now loaded: 0)
Unloading 6919 unused Assets / (5.3 MB). Loaded Objects now: 7786.
Memory consumption went from 173.3 MB to 168.0 MB.
Total: 7.390417 ms (FindLiveObjects: 0.341292 ms CreateObjectMapping: 0.190875 ms MarkObjects: 4.682000 ms  DeleteObjects: 2.175750 ms)

Prepare: number of updated asset objects reloaded= 0
========================================================================
Received Prepare
Begin MonoManager ReloadAssembly
Thread 0x16d577000 may have been prematurely finalized
- Loaded All Assemblies, in  0.478 seconds
Refreshing native plugins compatible for Editor in 0.31 ms, found 2 plugins.
Native extension for OSXStandalone target not found
The project currently uses the compatibility mode where the Render Graph API is disabled. Support for this mode will be removed in future Unity versions. Migrate existing ScriptableRenderPasses to the new RenderGraph API. After the migration, disable the compatibility mode in Edit > Projects Settings > Graphics > Render Graph.
UnityEngine.Debug:ExtractStackTraceNoAlloc (byte*,int,string)
UnityEngine.StackTraceUtility:ExtractStackTrace () (at /Users/bokken/build/output/unity/unity/Runtime/Export/Scripting/StackTrace.cs:37)
UnityEngine.DebugLogHandler:Internal_Log (UnityEngine.LogType,UnityEngine.LogOption,string,UnityEngine.Object)
UnityEngine.DebugLogHandler:LogFormat (UnityEngine.LogType,UnityEngine.Object,string,object[])
UnityEngine.Logger:Log (UnityEngine.LogType,object)
UnityEngine.Debug:LogWarning (object)
UnityEngine.Rendering.Universal.WarnUsingNonRenderGraph:EmitConsoleWarning () (at ./Library/PackageCache/com.unity.render-pipelines.universal@15fef0f41df6/Runtime/Data/UniversalRenderPipelineAsset.cs:427)
System.Reflection.RuntimeMethodInfo:Invoke (object,System.Reflection.BindingFlags,System.Reflection.Binder,object[],System.Globalization.CultureInfo)
System.Reflection.MethodBase:Invoke (object,object[])
UnityEditor.EditorAssemblies:ProcessInitializeOnLoadMethodAttributes () (at /Users/bokken/build/output/unity/unity/Editor/Mono/EditorAssemblies.cs:142)

(Filename: ./Library/PackageCache/com.unity.render-pipelines.universal@15fef0f41df6/Runtime/Data/UniversalRenderPipelineAsset.cs Line: 427)

[MODES] ModeService[none].Initialize
[MODES] ModeService[none].LoadModes
Mono: successfully reloaded assembly
- Finished resetting the current domain, in  0.582 seconds
Domain Reload Profiling: 1063ms
	BeginReloadAssembly (98ms)
		ExecutionOrderSort (0ms)
		DisableScriptedObjects (3ms)
		BackupInstance (0ms)
		ReleaseScriptingObjects (0ms)
		CreateAndSetChildDomain (29ms)
	RebuildCommonClasses (22ms)
	RebuildNativeTypeToScriptingClass (9ms)
	initialDomainReloadingComplete (13ms)
	LoadAllAssembliesAndSetupDomain (338ms)
		LoadAssemblies (211ms)
		RebuildTransferFunctionScriptingTraits (0ms)
		AnalyzeDomain (162ms)
			TypeCache.Refresh (11ms)
				TypeCache.ScanAssembly (0ms)
			BuildScriptInfoCaches (141ms)
			ResolveRequiredComponents (8ms)
	FinalizeReload (583ms)
		ReleaseScriptCaches (0ms)
		RebuildScriptCaches (0ms)
		SetupLoadedEditorAssemblies (450ms)
			LogAssemblyErrors (0ms)
			InitializePlatformSupportModulesInManaged (2ms)
			SetLoadedEditorAssemblies (3ms)
			BeforeProcessingInitializeOnLoad (79ms)
			ProcessInitializeOnLoadAttributes (308ms)
			ProcessInitializeOnLoadMethodAttributes (58ms)
			AfterProcessingInitializeOnLoad (1ms)
			EditorAssembliesLoaded (0ms)
		ExecutionOrderSort2 (0ms)
		AwakeInstancesAfterBackupRestoration (6ms)
Refreshing native plugins compatible for Editor in 0.32 ms, found 2 plugins.
Preloading 0 native plugins for Editor in 0.00 ms.
Unloading 19 Unused Serialized files (Serialized files now loaded: 0)
Unloading 6918 unused Assets / (5.0 MB). Loaded Objects now: 7788.
Memory consumption went from 172.9 MB to 167.9 MB.
Total: 6.511125 ms (FindLiveObjects: 0.335250 ms CreateObjectMapping: 0.187875 ms MarkObjects: 4.207208 ms  DeleteObjects: 1.780542 ms)

Prepare: number of updated asset objects reloaded= 0
========================================================================
Received Prepare
Begin MonoManager ReloadAssembly
Thread 0x16d577000 may have been prematurely finalized
- Loaded All Assemblies, in  0.443 seconds
Refreshing native plugins compatible for Editor in 0.48 ms, found 2 plugins.
Native extension for OSXStandalone target not found
The project currently uses the compatibility mode where the Render Graph API is disabled. Support for this mode will be removed in future Unity versions. Migrate existing ScriptableRenderPasses to the new RenderGraph API. After the migration, disable the compatibility mode in Edit > Projects Settings > Graphics > Render Graph.
UnityEngine.Debug:ExtractStackTraceNoAlloc (byte*,int,string)
UnityEngine.StackTraceUtility:ExtractStackTrace () (at /Users/bokken/build/output/unity/unity/Runtime/Export/Scripting/StackTrace.cs:37)
UnityEngine.DebugLogHandler:Internal_Log (UnityEngine.LogType,UnityEngine.LogOption,string,UnityEngine.Object)
UnityEngine.DebugLogHandler:LogFormat (UnityEngine.LogType,UnityEngine.Object,string,object[])
UnityEngine.Logger:Log (UnityEngine.LogType,object)
UnityEngine.Debug:LogWarning (object)
UnityEngine.Rendering.Universal.WarnUsingNonRenderGraph:EmitConsoleWarning () (at ./Library/PackageCache/com.unity.render-pipelines.universal@15fef0f41df6/Runtime/Data/UniversalRenderPipelineAsset.cs:427)
System.Reflection.RuntimeMethodInfo:Invoke (object,System.Reflection.BindingFlags,System.Reflection.Binder,object[],System.Globalization.CultureInfo)
System.Reflection.MethodBase:Invoke (object,object[])
UnityEditor.EditorAssemblies:ProcessInitializeOnLoadMethodAttributes () (at /Users/bokken/build/output/unity/unity/Editor/Mono/EditorAssemblies.cs:142)

(Filename: ./Library/PackageCache/com.unity.render-pipelines.universal@15fef0f41df6/Runtime/Data/UniversalRenderPipelineAsset.cs Line: 427)

[MODES] ModeService[none].Initialize
[MODES] ModeService[none].LoadModes
Mono: successfully reloaded assembly
- Finished resetting the current domain, in  0.600 seconds
Domain Reload Profiling: 1045ms
	BeginReloadAssembly (93ms)
		ExecutionOrderSort (0ms)
		DisableScriptedObjects (3ms)
		BackupInstance (0ms)
		ReleaseScriptingObjects (0ms)
		CreateAndSetChildDomain (29ms)
	RebuildCommonClasses (24ms)
	RebuildNativeTypeToScriptingClass (9ms)
	initialDomainReloadingComplete (13ms)
	LoadAllAssembliesAndSetupDomain (305ms)
		LoadAssemblies (193ms)
		RebuildTransferFunctionScriptingTraits (0ms)
		AnalyzeDomain (144ms)
			TypeCache.Refresh (9ms)
				TypeCache.ScanAssembly (0ms)
			BuildScriptInfoCaches (126ms)
			ResolveRequiredComponents (7ms)
	FinalizeReload (600ms)
		ReleaseScriptCaches (0ms)
		RebuildScriptCaches (0ms)
		SetupLoadedEditorAssemblies (459ms)
			LogAssemblyErrors (0ms)
			InitializePlatformSupportModulesInManaged (2ms)
			SetLoadedEditorAssemblies (3ms)
			BeforeProcessingInitializeOnLoad (68ms)
			ProcessInitializeOnLoadAttributes (325ms)
			ProcessInitializeOnLoadMethodAttributes (60ms)
			AfterProcessingInitializeOnLoad (1ms)
			EditorAssembliesLoaded (0ms)
		ExecutionOrderSort2 (0ms)
		AwakeInstancesAfterBackupRestoration (7ms)
Refreshing native plugins compatible for Editor in 0.34 ms, found 2 plugins.
Preloading 0 native plugins for Editor in 0.00 ms.
Unloading 19 Unused Serialized files (Serialized files now loaded: 0)
Unloading 6918 unused Assets / (5.0 MB). Loaded Objects now: 7790.
Memory consumption went from 172.9 MB to 167.9 MB.
Total: 7.090000 ms (FindLiveObjects: 0.358000 ms CreateObjectMapping: 0.228625 ms MarkObjects: 4.505667 ms  DeleteObjects: 1.997250 ms)

Prepare: number of updated asset objects reloaded= 0
========================================================================
Received Prepare
Begin MonoManager ReloadAssembly
Thread 0x16d577000 may have been prematurely finalized
- Loaded All Assemblies, in  0.454 seconds
Refreshing native plugins compatible for Editor in 0.23 ms, found 2 plugins.
Native extension for OSXStandalone target not found
The project currently uses the compatibility mode where the Render Graph API is disabled. Support for this mode will be removed in future Unity versions. Migrate existing ScriptableRenderPasses to the new RenderGraph API. After the migration, disable the compatibility mode in Edit > Projects Settings > Graphics > Render Graph.
UnityEngine.Debug:ExtractStackTraceNoAlloc (byte*,int,string)
UnityEngine.StackTraceUtility:ExtractStackTrace () (at /Users/bokken/build/output/unity/unity/Runtime/Export/Scripting/StackTrace.cs:37)
UnityEngine.DebugLogHandler:Internal_Log (UnityEngine.LogType,UnityEngine.LogOption,string,UnityEngine.Object)
UnityEngine.DebugLogHandler:LogFormat (UnityEngine.LogType,UnityEngine.Object,string,object[])
UnityEngine.Logger:Log (UnityEngine.LogType,object)
UnityEngine.Debug:LogWarning (object)
UnityEngine.Rendering.Universal.WarnUsingNonRenderGraph:EmitConsoleWarning () (at ./Library/PackageCache/com.unity.render-pipelines.universal@15fef0f41df6/Runtime/Data/UniversalRenderPipelineAsset.cs:427)
System.Reflection.RuntimeMethodInfo:Invoke (object,System.Reflection.BindingFlags,System.Reflection.Binder,object[],System.Globalization.CultureInfo)
System.Reflection.MethodBase:Invoke (object,object[])
UnityEditor.EditorAssemblies:ProcessInitializeOnLoadMethodAttributes () (at /Users/bokken/build/output/unity/unity/Editor/Mono/EditorAssemblies.cs:142)

(Filename: ./Library/PackageCache/com.unity.render-pipelines.universal@15fef0f41df6/Runtime/Data/UniversalRenderPipelineAsset.cs Line: 427)

[MODES] ModeService[none].Initialize
[MODES] ModeService[none].LoadModes
Mono: successfully reloaded assembly
- Finished resetting the current domain, in  0.621 seconds
Domain Reload Profiling: 1078ms
	BeginReloadAssembly (94ms)
		ExecutionOrderSort (0ms)
		DisableScriptedObjects (3ms)
		BackupInstance (0ms)
		ReleaseScriptingObjects (0ms)
		CreateAndSetChildDomain (28ms)
	RebuildCommonClasses (24ms)
	RebuildNativeTypeToScriptingClass (9ms)
	initialDomainReloadingComplete (14ms)
	LoadAllAssembliesAndSetupDomain (315ms)
		LoadAssemblies (199ms)
		RebuildTransferFunctionScriptingTraits (0ms)
		AnalyzeDomain (150ms)
			TypeCache.Refresh (7ms)
				TypeCache.ScanAssembly (0ms)
			BuildScriptInfoCaches (132ms)
			ResolveRequiredComponents (8ms)
	FinalizeReload (621ms)
		ReleaseScriptCaches (0ms)
		RebuildScriptCaches (0ms)
		SetupLoadedEditorAssemblies (493ms)
			LogAssemblyErrors (0ms)
			InitializePlatformSupportModulesInManaged (2ms)
			SetLoadedEditorAssemblies (3ms)
			BeforeProcessingInitializeOnLoad (73ms)
			ProcessInitializeOnLoadAttributes (352ms)
			ProcessInitializeOnLoadMethodAttributes (62ms)
			AfterProcessingInitializeOnLoad (1ms)
			EditorAssembliesLoaded (0ms)
		ExecutionOrderSort2 (0ms)
		AwakeInstancesAfterBackupRestoration (7ms)
Refreshing native plugins compatible for Editor in 0.44 ms, found 2 plugins.
Preloading 0 native plugins for Editor in 0.00 ms.
Unloading 19 Unused Serialized files (Serialized files now loaded: 0)
Unloading 6918 unused Assets / (5.0 MB). Loaded Objects now: 7792.
Memory consumption went from 172.9 MB to 167.9 MB.
Total: 7.118000 ms (FindLiveObjects: 0.352459 ms CreateObjectMapping: 0.196541 ms MarkObjects: 4.562209 ms  DeleteObjects: 2.006375 ms)

Prepare: number of updated asset objects reloaded= 0
========================================================================
Received Import Request.
  Time since last request: 401.967911 seconds.
  path: Assets/Scripts
  artifactKey: Guid(1278d3a20334d524781d96488de18ffd) Importer(815301076,1909f56bfc062723c751e8b465ee728b)
Start importing Assets/Scripts using Guid(1278d3a20334d524781d96488de18ffd) Importer(815301076,1909f56bfc062723c751e8b465ee728b) (PreviewImporter) -> (artifact id: 'f2b0df8ef2190b4612491f6a0463a8f1') in 0.001491333 seconds
Number of updated asset objects reloaded before import = 0Number of asset objects unloaded after import = 0

========================================================================
Received Import Request.
  Time since last request: 10.970861 seconds.
  path: Assets/Scripts/MainMenuManager.cs
  artifactKey: Guid(5c3c9821a73cbb4419a6c45b168a6eec) Importer(815301076,1909f56bfc062723c751e8b465ee728b)
Start importing Assets/Scripts/MainMenuManager.cs using Guid(5c3c9821a73cbb4419a6c45b168a6eec) Importer(815301076,1909f56bfc062723c751e8b465ee728b) (PreviewImporter) -> (artifact id: '7f34f173905ba990a198168bf2994c9c') in 0.0004285 seconds
Number of updated asset objects reloaded before import = 0Number of asset objects unloaded after import = 0

========================================================================
Received Prepare
Begin MonoManager ReloadAssembly
Thread 0x16d577000 may have been prematurely finalized
- Loaded All Assemblies, in  0.592 seconds
Refreshing native plugins compatible for Editor in 0.22 ms, found 2 plugins.
Native extension for OSXStandalone target not found
The project currently uses the compatibility mode where the Render Graph API is disabled. Support for this mode will be removed in future Unity versions. Migrate existing ScriptableRenderPasses to the new RenderGraph API. After the migration, disable the compatibility mode in Edit > Projects Settings > Graphics > Render Graph.
UnityEngine.Debug:ExtractStackTraceNoAlloc (byte*,int,string)
UnityEngine.StackTraceUtility:ExtractStackTrace () (at /Users/bokken/build/output/unity/unity/Runtime/Export/Scripting/StackTrace.cs:37)
UnityEngine.DebugLogHandler:Internal_Log (UnityEngine.LogType,UnityEngine.LogOption,string,UnityEngine.Object)
UnityEngine.DebugLogHandler:LogFormat (UnityEngine.LogType,UnityEngine.Object,string,object[])
UnityEngine.Logger:Log (UnityEngine.LogType,object)
UnityEngine.Debug:LogWarning (object)
UnityEngine.Rendering.Universal.WarnUsingNonRenderGraph:EmitConsoleWarning () (at ./Library/PackageCache/com.unity.render-pipelines.universal@15fef0f41df6/Runtime/Data/UniversalRenderPipelineAsset.cs:427)
System.Reflection.RuntimeMethodInfo:Invoke (object,System.Reflection.BindingFlags,System.Reflection.Binder,object[],System.Globalization.CultureInfo)
System.Reflection.MethodBase:Invoke (object,object[])
UnityEditor.EditorAssemblies:ProcessInitializeOnLoadMethodAttributes () (at /Users/bokken/build/output/unity/unity/Editor/Mono/EditorAssemblies.cs:142)

(Filename: ./Library/PackageCache/com.unity.render-pipelines.universal@15fef0f41df6/Runtime/Data/UniversalRenderPipelineAsset.cs Line: 427)

[MODES] ModeService[none].Initialize
[MODES] ModeService[none].LoadModes
Mono: successfully reloaded assembly
- Finished resetting the current domain, in  0.649 seconds
Domain Reload Profiling: 1243ms
	BeginReloadAssembly (151ms)
		ExecutionOrderSort (0ms)
		DisableScriptedObjects (6ms)
		BackupInstance (0ms)
		ReleaseScriptingObjects (0ms)
		CreateAndSetChildDomain (50ms)
	RebuildCommonClasses (25ms)
	RebuildNativeTypeToScriptingClass (10ms)
	initialDomainReloadingComplete (16ms)
	LoadAllAssembliesAndSetupDomain (392ms)
		LoadAssemblies (285ms)
		RebuildTransferFunctionScriptingTraits (0ms)
		AnalyzeDomain (155ms)
			TypeCache.Refresh (9ms)
				TypeCache.ScanAssembly (0ms)
			BuildScriptInfoCaches (135ms)
			ResolveRequiredComponents (8ms)
	FinalizeReload (649ms)
		ReleaseScriptCaches (0ms)
		RebuildScriptCaches (0ms)
		SetupLoadedEditorAssemblies (522ms)
			LogAssemblyErrors (0ms)
			InitializePlatformSupportModulesInManaged (2ms)
			SetLoadedEditorAssemblies (3ms)
			BeforeProcessingInitializeOnLoad (69ms)
			ProcessInitializeOnLoadAttributes (380ms)
			ProcessInitializeOnLoadMethodAttributes (66ms)
			AfterProcessingInitializeOnLoad (1ms)
			EditorAssembliesLoaded (0ms)
		ExecutionOrderSort2 (0ms)
		AwakeInstancesAfterBackupRestoration (7ms)
Refreshing native plugins compatible for Editor in 0.33 ms, found 2 plugins.
Preloading 0 native plugins for Editor in 0.00 ms.
Unloading 19 Unused Serialized files (Serialized files now loaded: 0)
Unloading 6918 unused Assets / (5.1 MB). Loaded Objects now: 7794.
Memory consumption went from 172.9 MB to 167.8 MB.
Total: 8.353417 ms (FindLiveObjects: 0.393709 ms CreateObjectMapping: 0.216833 ms MarkObjects: 5.222041 ms  DeleteObjects: 2.520125 ms)

Prepare: number of updated asset objects reloaded= 0
========================================================================
Received Import Request.
  Time since last request: 177.873639 seconds.
  path: Assets/Game/Levels.unity
  artifactKey: Guid(9a96a2d1e437b4e7cbfe255a6167e4b1) Importer(815301076,1909f56bfc062723c751e8b465ee728b)
Start importing Assets/Game/Levels.unity using Guid(9a96a2d1e437b4e7cbfe255a6167e4b1) Importer(815301076,1909f56bfc062723c751e8b465ee728b) (PreviewImporter) -> (artifact id: 'c2d5f12937065926d13f4c8073db53e0') in 0.011239333 seconds
Number of updated asset objects reloaded before import = 0Number of asset objects unloaded after import = 0

========================================================================
Received Prepare
Begin MonoManager ReloadAssembly
Thread 0x16d577000 may have been prematurely finalized
- Loaded All Assemblies, in  0.598 seconds
Refreshing native plugins compatible for Editor in 0.24 ms, found 2 plugins.
Native extension for OSXStandalone target not found
The project currently uses the compatibility mode where the Render Graph API is disabled. Support for this mode will be removed in future Unity versions. Migrate existing ScriptableRenderPasses to the new RenderGraph API. After the migration, disable the compatibility mode in Edit > Projects Settings > Graphics > Render Graph.
UnityEngine.Debug:ExtractStackTraceNoAlloc (byte*,int,string)
UnityEngine.StackTraceUtility:ExtractStackTrace () (at /Users/bokken/build/output/unity/unity/Runtime/Export/Scripting/StackTrace.cs:37)
UnityEngine.DebugLogHandler:Internal_Log (UnityEngine.LogType,UnityEngine.LogOption,string,UnityEngine.Object)
UnityEngine.DebugLogHandler:LogFormat (UnityEngine.LogType,UnityEngine.Object,string,object[])
UnityEngine.Logger:Log (UnityEngine.LogType,object)
UnityEngine.Debug:LogWarning (object)
UnityEngine.Rendering.Universal.WarnUsingNonRenderGraph:EmitConsoleWarning () (at ./Library/PackageCache/com.unity.render-pipelines.universal@15fef0f41df6/Runtime/Data/UniversalRenderPipelineAsset.cs:427)
System.Reflection.RuntimeMethodInfo:Invoke (object,System.Reflection.BindingFlags,System.Reflection.Binder,object[],System.Globalization.CultureInfo)
System.Reflection.MethodBase:Invoke (object,object[])
UnityEditor.EditorAssemblies:ProcessInitializeOnLoadMethodAttributes () (at /Users/bokken/build/output/unity/unity/Editor/Mono/EditorAssemblies.cs:142)

(Filename: ./Library/PackageCache/com.unity.render-pipelines.universal@15fef0f41df6/Runtime/Data/UniversalRenderPipelineAsset.cs Line: 427)

[MODES] ModeService[none].Initialize
[MODES] ModeService[none].LoadModes
Mono: successfully reloaded assembly
- Finished resetting the current domain, in  0.657 seconds
Domain Reload Profiling: 1257ms
	BeginReloadAssembly (140ms)
		ExecutionOrderSort (0ms)
		DisableScriptedObjects (6ms)
		BackupInstance (0ms)
		ReleaseScriptingObjects (0ms)
		CreateAndSetChildDomain (48ms)
	RebuildCommonClasses (22ms)
	RebuildNativeTypeToScriptingClass (9ms)
	initialDomainReloadingComplete (16ms)
	LoadAllAssembliesAndSetupDomain (414ms)
		LoadAssemblies (284ms)
		RebuildTransferFunctionScriptingTraits (0ms)
		AnalyzeDomain (171ms)
			TypeCache.Refresh (13ms)
				TypeCache.ScanAssembly (1ms)
			BuildScriptInfoCaches (148ms)
			ResolveRequiredComponents (8ms)
	FinalizeReload (657ms)
		ReleaseScriptCaches (0ms)
		RebuildScriptCaches (0ms)
		SetupLoadedEditorAssemblies (522ms)
			LogAssemblyErrors (0ms)
			InitializePlatformSupportModulesInManaged (2ms)
			SetLoadedEditorAssemblies (3ms)
			BeforeProcessingInitializeOnLoad (74ms)
			ProcessInitializeOnLoadAttributes (383ms)
			ProcessInitializeOnLoadMethodAttributes (59ms)
			AfterProcessingInitializeOnLoad (1ms)
			EditorAssembliesLoaded (0ms)
		ExecutionOrderSort2 (0ms)
		AwakeInstancesAfterBackupRestoration (6ms)
Refreshing native plugins compatible for Editor in 0.38 ms, found 2 plugins.
Preloading 0 native plugins for Editor in 0.00 ms.
Unloading 19 Unused Serialized files (Serialized files now loaded: 0)
Unloading 6918 unused Assets / (5.2 MB). Loaded Objects now: 7796.
Memory consumption went from 172.7 MB to 167.6 MB.
Total: 6.872375 ms (FindLiveObjects: 0.342584 ms CreateObjectMapping: 0.177208 ms MarkObjects: 4.349666 ms  DeleteObjects: 2.002417 ms)

Prepare: number of updated asset objects reloaded= 0
========================================================================
Received Prepare
Begin MonoManager ReloadAssembly
Thread 0x16d577000 may have been prematurely finalized
- Loaded All Assemblies, in  0.556 seconds
Refreshing native plugins compatible for Editor in 0.25 ms, found 2 plugins.
Native extension for OSXStandalone target not found
The project currently uses the compatibility mode where the Render Graph API is disabled. Support for this mode will be removed in future Unity versions. Migrate existing ScriptableRenderPasses to the new RenderGraph API. After the migration, disable the compatibility mode in Edit > Projects Settings > Graphics > Render Graph.
UnityEngine.Debug:ExtractStackTraceNoAlloc (byte*,int,string)
UnityEngine.StackTraceUtility:ExtractStackTrace () (at /Users/bokken/build/output/unity/unity/Runtime/Export/Scripting/StackTrace.cs:37)
UnityEngine.DebugLogHandler:Internal_Log (UnityEngine.LogType,UnityEngine.LogOption,string,UnityEngine.Object)
UnityEngine.DebugLogHandler:LogFormat (UnityEngine.LogType,UnityEngine.Object,string,object[])
UnityEngine.Logger:Log (UnityEngine.LogType,object)
UnityEngine.Debug:LogWarning (object)
UnityEngine.Rendering.Universal.WarnUsingNonRenderGraph:EmitConsoleWarning () (at ./Library/PackageCache/com.unity.render-pipelines.universal@15fef0f41df6/Runtime/Data/UniversalRenderPipelineAsset.cs:427)
System.Reflection.RuntimeMethodInfo:Invoke (object,System.Reflection.BindingFlags,System.Reflection.Binder,object[],System.Globalization.CultureInfo)
System.Reflection.MethodBase:Invoke (object,object[])
UnityEditor.EditorAssemblies:ProcessInitializeOnLoadMethodAttributes () (at /Users/bokken/build/output/unity/unity/Editor/Mono/EditorAssemblies.cs:142)

(Filename: ./Library/PackageCache/com.unity.render-pipelines.universal@15fef0f41df6/Runtime/Data/UniversalRenderPipelineAsset.cs Line: 427)

[MODES] ModeService[none].Initialize
[MODES] ModeService[none].LoadModes
Mono: successfully reloaded assembly
- Finished resetting the current domain, in  0.655 seconds
Domain Reload Profiling: 1214ms
	BeginReloadAssembly (138ms)
		ExecutionOrderSort (0ms)
		DisableScriptedObjects (6ms)
		BackupInstance (0ms)
		ReleaseScriptingObjects (0ms)
		CreateAndSetChildDomain (50ms)
	RebuildCommonClasses (22ms)
	RebuildNativeTypeToScriptingClass (9ms)
	initialDomainReloadingComplete (14ms)
	LoadAllAssembliesAndSetupDomain (375ms)
		LoadAssemblies (255ms)
		RebuildTransferFunctionScriptingTraits (0ms)
		AnalyzeDomain (161ms)
			TypeCache.Refresh (10ms)
				TypeCache.ScanAssembly (0ms)
			BuildScriptInfoCaches (140ms)
			ResolveRequiredComponents (8ms)
	FinalizeReload (655ms)
		ReleaseScriptCaches (0ms)
		RebuildScriptCaches (0ms)
		SetupLoadedEditorAssemblies (496ms)
			LogAssemblyErrors (0ms)
			InitializePlatformSupportModulesInManaged (2ms)
			SetLoadedEditorAssemblies (4ms)
			BeforeProcessingInitializeOnLoad (93ms)
			ProcessInitializeOnLoadAttributes (338ms)
			ProcessInitializeOnLoadMethodAttributes (58ms)
			AfterProcessingInitializeOnLoad (1ms)
			EditorAssembliesLoaded (0ms)
		ExecutionOrderSort2 (0ms)
		AwakeInstancesAfterBackupRestoration (6ms)
Refreshing native plugins compatible for Editor in 0.62 ms, found 2 plugins.
Preloading 0 native plugins for Editor in 0.00 ms.
Unloading 19 Unused Serialized files (Serialized files now loaded: 0)
Unloading 6918 unused Assets / (5.6 MB). Loaded Objects now: 7798.
Memory consumption went from 172.7 MB to 167.1 MB.
Total: 7.095709 ms (FindLiveObjects: 0.357750 ms CreateObjectMapping: 0.194167 ms MarkObjects: 4.521334 ms  DeleteObjects: 2.021667 ms)

Prepare: number of updated asset objects reloaded= 0
========================================================================
Received Prepare
Begin MonoManager ReloadAssembly
Thread 0x16d577000 may have been prematurely finalized
- Loaded All Assemblies, in  0.433 seconds
Refreshing native plugins compatible for Editor in 0.23 ms, found 2 plugins.
Native extension for OSXStandalone target not found
The project currently uses the compatibility mode where the Render Graph API is disabled. Support for this mode will be removed in future Unity versions. Migrate existing ScriptableRenderPasses to the new RenderGraph API. After the migration, disable the compatibility mode in Edit > Projects Settings > Graphics > Render Graph.
UnityEngine.Debug:ExtractStackTraceNoAlloc (byte*,int,string)
UnityEngine.StackTraceUtility:ExtractStackTrace () (at /Users/bokken/build/output/unity/unity/Runtime/Export/Scripting/StackTrace.cs:37)
UnityEngine.DebugLogHandler:Internal_Log (UnityEngine.LogType,UnityEngine.LogOption,string,UnityEngine.Object)
UnityEngine.DebugLogHandler:LogFormat (UnityEngine.LogType,UnityEngine.Object,string,object[])
UnityEngine.Logger:Log (UnityEngine.LogType,object)
UnityEngine.Debug:LogWarning (object)
UnityEngine.Rendering.Universal.WarnUsingNonRenderGraph:EmitConsoleWarning () (at ./Library/PackageCache/com.unity.render-pipelines.universal@15fef0f41df6/Runtime/Data/UniversalRenderPipelineAsset.cs:427)
System.Reflection.RuntimeMethodInfo:Invoke (object,System.Reflection.BindingFlags,System.Reflection.Binder,object[],System.Globalization.CultureInfo)
System.Reflection.MethodBase:Invoke (object,object[])
UnityEditor.EditorAssemblies:ProcessInitializeOnLoadMethodAttributes () (at /Users/bokken/build/output/unity/unity/Editor/Mono/EditorAssemblies.cs:142)

(Filename: ./Library/PackageCache/com.unity.render-pipelines.universal@15fef0f41df6/Runtime/Data/UniversalRenderPipelineAsset.cs Line: 427)

[MODES] ModeService[none].Initialize
[MODES] ModeService[none].LoadModes
Mono: successfully reloaded assembly
- Finished resetting the current domain, in  0.588 seconds
Domain Reload Profiling: 1024ms
	BeginReloadAssembly (87ms)
		ExecutionOrderSort (0ms)
		DisableScriptedObjects (4ms)
		BackupInstance (0ms)
		ReleaseScriptingObjects (0ms)
		CreateAndSetChildDomain (28ms)
	RebuildCommonClasses (22ms)
	RebuildNativeTypeToScriptingClass (9ms)
	initialDomainReloadingComplete (13ms)
	LoadAllAssembliesAndSetupDomain (305ms)
		LoadAssemblies (187ms)
		RebuildTransferFunctionScriptingTraits (0ms)
		AnalyzeDomain (144ms)
			TypeCache.Refresh (7ms)
				TypeCache.ScanAssembly (0ms)
			BuildScriptInfoCaches (127ms)
			ResolveRequiredComponents (8ms)
	FinalizeReload (588ms)
		ReleaseScriptCaches (0ms)
		RebuildScriptCaches (0ms)
		SetupLoadedEditorAssemblies (462ms)
			LogAssemblyErrors (0ms)
			InitializePlatformSupportModulesInManaged (2ms)
			SetLoadedEditorAssemblies (3ms)
			BeforeProcessingInitializeOnLoad (86ms)
			ProcessInitializeOnLoadAttributes (314ms)
			ProcessInitializeOnLoadMethodAttributes (56ms)
			AfterProcessingInitializeOnLoad (1ms)
			EditorAssembliesLoaded (0ms)
		ExecutionOrderSort2 (0ms)
		AwakeInstancesAfterBackupRestoration (6ms)
Refreshing native plugins compatible for Editor in 0.33 ms, found 2 plugins.
Preloading 0 native plugins for Editor in 0.00 ms.
Unloading 19 Unused Serialized files (Serialized files now loaded: 0)
Unloading 6918 unused Assets / (3.6 MB). Loaded Objects now: 7800.
Memory consumption went from 172.6 MB to 169.1 MB.
Total: 7.795709 ms (FindLiveObjects: 0.399916 ms CreateObjectMapping: 0.213125 ms MarkObjects: 4.878334 ms  DeleteObjects: 2.303584 ms)

Prepare: number of updated asset objects reloaded= 0
========================================================================
Received Prepare
Begin MonoManager ReloadAssembly
Thread 0x16d577000 may have been prematurely finalized
- Loaded All Assemblies, in  0.566 seconds
Refreshing native plugins compatible for Editor in 0.24 ms, found 2 plugins.
Native extension for OSXStandalone target not found
The project currently uses the compatibility mode where the Render Graph API is disabled. Support for this mode will be removed in future Unity versions. Migrate existing ScriptableRenderPasses to the new RenderGraph API. After the migration, disable the compatibility mode in Edit > Projects Settings > Graphics > Render Graph.
UnityEngine.Debug:ExtractStackTraceNoAlloc (byte*,int,string)
UnityEngine.StackTraceUtility:ExtractStackTrace () (at /Users/bokken/build/output/unity/unity/Runtime/Export/Scripting/StackTrace.cs:37)
UnityEngine.DebugLogHandler:Internal_Log (UnityEngine.LogType,UnityEngine.LogOption,string,UnityEngine.Object)
UnityEngine.DebugLogHandler:LogFormat (UnityEngine.LogType,UnityEngine.Object,string,object[])
UnityEngine.Logger:Log (UnityEngine.LogType,object)
UnityEngine.Debug:LogWarning (object)
UnityEngine.Rendering.Universal.WarnUsingNonRenderGraph:EmitConsoleWarning () (at ./Library/PackageCache/com.unity.render-pipelines.universal@15fef0f41df6/Runtime/Data/UniversalRenderPipelineAsset.cs:427)
System.Reflection.RuntimeMethodInfo:Invoke (object,System.Reflection.BindingFlags,System.Reflection.Binder,object[],System.Globalization.CultureInfo)
System.Reflection.MethodBase:Invoke (object,object[])
UnityEditor.EditorAssemblies:ProcessInitializeOnLoadMethodAttributes () (at /Users/bokken/build/output/unity/unity/Editor/Mono/EditorAssemblies.cs:142)

(Filename: ./Library/PackageCache/com.unity.render-pipelines.universal@15fef0f41df6/Runtime/Data/UniversalRenderPipelineAsset.cs Line: 427)

[MODES] ModeService[none].Initialize
[MODES] ModeService[none].LoadModes
Mono: successfully reloaded assembly
- Finished resetting the current domain, in  0.638 seconds
Domain Reload Profiling: 1207ms
	BeginReloadAssembly (129ms)
		ExecutionOrderSort (0ms)
		DisableScriptedObjects (5ms)
		BackupInstance (0ms)
		ReleaseScriptingObjects (0ms)
		CreateAndSetChildDomain (49ms)
	RebuildCommonClasses (22ms)
	RebuildNativeTypeToScriptingClass (9ms)
	initialDomainReloadingComplete (14ms)
	LoadAllAssembliesAndSetupDomain (395ms)
		LoadAssemblies (251ms)
		RebuildTransferFunctionScriptingTraits (0ms)
		AnalyzeDomain (177ms)
			TypeCache.Refresh (12ms)
				TypeCache.ScanAssembly (1ms)
			BuildScriptInfoCaches (146ms)
			ResolveRequiredComponents (15ms)
	FinalizeReload (638ms)
		ReleaseScriptCaches (0ms)
		RebuildScriptCaches (0ms)
		SetupLoadedEditorAssemblies (514ms)
			LogAssemblyErrors (0ms)
			InitializePlatformSupportModulesInManaged (2ms)
			SetLoadedEditorAssemblies (3ms)
			BeforeProcessingInitializeOnLoad (83ms)
			ProcessInitializeOnLoadAttributes (374ms)
			ProcessInitializeOnLoadMethodAttributes (52ms)
			AfterProcessingInitializeOnLoad (1ms)
			EditorAssembliesLoaded (0ms)
		ExecutionOrderSort2 (0ms)
		AwakeInstancesAfterBackupRestoration (6ms)
Refreshing native plugins compatible for Editor in 0.38 ms, found 2 plugins.
Preloading 0 native plugins for Editor in 0.00 ms.
Unloading 19 Unused Serialized files (Serialized files now loaded: 0)
Unloading 6918 unused Assets / (5.5 MB). Loaded Objects now: 7802.
Memory consumption went from 172.6 MB to 167.2 MB.
Total: 7.151041 ms (FindLiveObjects: 0.385833 ms CreateObjectMapping: 0.203250 ms MarkObjects: 4.485666 ms  DeleteObjects: 2.075750 ms)

Prepare: number of updated asset objects reloaded= 0
========================================================================
Received Prepare
Begin MonoManager ReloadAssembly
Thread 0x16d577000 may have been prematurely finalized
- Loaded All Assemblies, in  0.556 seconds
Refreshing native plugins compatible for Editor in 0.24 ms, found 2 plugins.
Native extension for OSXStandalone target not found
The project currently uses the compatibility mode where the Render Graph API is disabled. Support for this mode will be removed in future Unity versions. Migrate existing ScriptableRenderPasses to the new RenderGraph API. After the migration, disable the compatibility mode in Edit > Projects Settings > Graphics > Render Graph.
UnityEngine.Debug:ExtractStackTraceNoAlloc (byte*,int,string)
UnityEngine.StackTraceUtility:ExtractStackTrace () (at /Users/bokken/build/output/unity/unity/Runtime/Export/Scripting/StackTrace.cs:37)
UnityEngine.DebugLogHandler:Internal_Log (UnityEngine.LogType,UnityEngine.LogOption,string,UnityEngine.Object)
UnityEngine.DebugLogHandler:LogFormat (UnityEngine.LogType,UnityEngine.Object,string,object[])
UnityEngine.Logger:Log (UnityEngine.LogType,object)
UnityEngine.Debug:LogWarning (object)
UnityEngine.Rendering.Universal.WarnUsingNonRenderGraph:EmitConsoleWarning () (at ./Library/PackageCache/com.unity.render-pipelines.universal@15fef0f41df6/Runtime/Data/UniversalRenderPipelineAsset.cs:427)
System.Reflection.RuntimeMethodInfo:Invoke (object,System.Reflection.BindingFlags,System.Reflection.Binder,object[],System.Globalization.CultureInfo)
System.Reflection.MethodBase:Invoke (object,object[])
UnityEditor.EditorAssemblies:ProcessInitializeOnLoadMethodAttributes () (at /Users/bokken/build/output/unity/unity/Editor/Mono/EditorAssemblies.cs:142)

(Filename: ./Library/PackageCache/com.unity.render-pipelines.universal@15fef0f41df6/Runtime/Data/UniversalRenderPipelineAsset.cs Line: 427)

[MODES] ModeService[none].Initialize
[MODES] ModeService[none].LoadModes
Mono: successfully reloaded assembly
- Finished resetting the current domain, in  0.716 seconds
Domain Reload Profiling: 1274ms
	BeginReloadAssembly (130ms)
		ExecutionOrderSort (0ms)
		DisableScriptedObjects (6ms)
		BackupInstance (0ms)
		ReleaseScriptingObjects (0ms)
		CreateAndSetChildDomain (47ms)
	RebuildCommonClasses (22ms)
	RebuildNativeTypeToScriptingClass (9ms)
	initialDomainReloadingComplete (14ms)
	LoadAllAssembliesAndSetupDomain (383ms)
		LoadAssemblies (255ms)
		RebuildTransferFunctionScriptingTraits (0ms)
		AnalyzeDomain (166ms)
			TypeCache.Refresh (9ms)
				TypeCache.ScanAssembly (0ms)
			BuildScriptInfoCaches (146ms)
			ResolveRequiredComponents (8ms)
	FinalizeReload (716ms)
		ReleaseScriptCaches (0ms)
		RebuildScriptCaches (0ms)
		SetupLoadedEditorAssemblies (528ms)
			LogAssemblyErrors (0ms)
			InitializePlatformSupportModulesInManaged (2ms)
			SetLoadedEditorAssemblies (3ms)
			BeforeProcessingInitializeOnLoad (82ms)
			ProcessInitializeOnLoadAttributes (383ms)
			ProcessInitializeOnLoadMethodAttributes (57ms)
			AfterProcessingInitializeOnLoad (1ms)
			EditorAssembliesLoaded (0ms)
		ExecutionOrderSort2 (0ms)
		AwakeInstancesAfterBackupRestoration (6ms)
Refreshing native plugins compatible for Editor in 0.28 ms, found 2 plugins.
Preloading 0 native plugins for Editor in 0.00 ms.
Unloading 19 Unused Serialized files (Serialized files now loaded: 0)
Unloading 6918 unused Assets / (5.4 MB). Loaded Objects now: 7804.
Memory consumption went from 172.6 MB to 167.2 MB.
Total: 7.043750 ms (FindLiveObjects: 0.421750 ms CreateObjectMapping: 0.181458 ms MarkObjects: 4.430375 ms  DeleteObjects: 2.009666 ms)

Prepare: number of updated asset objects reloaded= 0
========================================================================
Received Prepare
Begin MonoManager ReloadAssembly
Thread 0x16d577000 may have been prematurely finalized
- Loaded All Assemblies, in  0.463 seconds
Refreshing native plugins compatible for Editor in 0.30 ms, found 2 plugins.
Native extension for OSXStandalone target not found
The project currently uses the compatibility mode where the Render Graph API is disabled. Support for this mode will be removed in future Unity versions. Migrate existing ScriptableRenderPasses to the new RenderGraph API. After the migration, disable the compatibility mode in Edit > Projects Settings > Graphics > Render Graph.
UnityEngine.Debug:ExtractStackTraceNoAlloc (byte*,int,string)
UnityEngine.StackTraceUtility:ExtractStackTrace () (at /Users/bokken/build/output/unity/unity/Runtime/Export/Scripting/StackTrace.cs:37)
UnityEngine.DebugLogHandler:Internal_Log (UnityEngine.LogType,UnityEngine.LogOption,string,UnityEngine.Object)
UnityEngine.DebugLogHandler:LogFormat (UnityEngine.LogType,UnityEngine.Object,string,object[])
UnityEngine.Logger:Log (UnityEngine.LogType,object)
UnityEngine.Debug:LogWarning (object)
UnityEngine.Rendering.Universal.WarnUsingNonRenderGraph:EmitConsoleWarning () (at ./Library/PackageCache/com.unity.render-pipelines.universal@15fef0f41df6/Runtime/Data/UniversalRenderPipelineAsset.cs:427)
System.Reflection.RuntimeMethodInfo:Invoke (object,System.Reflection.BindingFlags,System.Reflection.Binder,object[],System.Globalization.CultureInfo)
System.Reflection.MethodBase:Invoke (object,object[])
UnityEditor.EditorAssemblies:ProcessInitializeOnLoadMethodAttributes () (at /Users/bokken/build/output/unity/unity/Editor/Mono/EditorAssemblies.cs:142)

(Filename: ./Library/PackageCache/com.unity.render-pipelines.universal@15fef0f41df6/Runtime/Data/UniversalRenderPipelineAsset.cs Line: 427)

[MODES] ModeService[none].Initialize
[MODES] ModeService[none].LoadModes
Mono: successfully reloaded assembly
- Finished resetting the current domain, in  0.729 seconds
Domain Reload Profiling: 1195ms
	BeginReloadAssembly (86ms)
		ExecutionOrderSort (0ms)
		DisableScriptedObjects (4ms)
		BackupInstance (0ms)
		ReleaseScriptingObjects (0ms)
		CreateAndSetChildDomain (28ms)
	RebuildCommonClasses (22ms)
	RebuildNativeTypeToScriptingClass (9ms)
	initialDomainReloadingComplete (12ms)
	LoadAllAssembliesAndSetupDomain (337ms)
		LoadAssemblies (219ms)
		RebuildTransferFunctionScriptingTraits (0ms)
		AnalyzeDomain (144ms)
			TypeCache.Refresh (10ms)
				TypeCache.ScanAssembly (1ms)
			BuildScriptInfoCaches (124ms)
			ResolveRequiredComponents (7ms)
	FinalizeReload (729ms)
		ReleaseScriptCaches (0ms)
		RebuildScriptCaches (0ms)
		SetupLoadedEditorAssemblies (549ms)
			LogAssemblyErrors (0ms)
			InitializePlatformSupportModulesInManaged (3ms)
			SetLoadedEditorAssemblies (6ms)
			BeforeProcessingInitializeOnLoad (86ms)
			ProcessInitializeOnLoadAttributes (388ms)
			ProcessInitializeOnLoadMethodAttributes (66ms)
			AfterProcessingInitializeOnLoad (1ms)
			EditorAssembliesLoaded (0ms)
		ExecutionOrderSort2 (0ms)
		AwakeInstancesAfterBackupRestoration (7ms)
Refreshing native plugins compatible for Editor in 0.34 ms, found 2 plugins.
Preloading 0 native plugins for Editor in 0.00 ms.
Unloading 19 Unused Serialized files (Serialized files now loaded: 0)
Unloading 6918 unused Assets / (5.4 MB). Loaded Objects now: 7806.
Memory consumption went from 172.7 MB to 167.3 MB.
Total: 6.836208 ms (FindLiveObjects: 0.361458 ms CreateObjectMapping: 0.245125 ms MarkObjects: 4.360792 ms  DeleteObjects: 1.868291 ms)

Prepare: number of updated asset objects reloaded= 0
========================================================================
Received Prepare
Begin MonoManager ReloadAssembly
Thread 0x16d577000 may have been prematurely finalized
- Loaded All Assemblies, in  0.500 seconds
Refreshing native plugins compatible for Editor in 0.22 ms, found 2 plugins.
Native extension for OSXStandalone target not found
The project currently uses the compatibility mode where the Render Graph API is disabled. Support for this mode will be removed in future Unity versions. Migrate existing ScriptableRenderPasses to the new RenderGraph API. After the migration, disable the compatibility mode in Edit > Projects Settings > Graphics > Render Graph.
UnityEngine.Debug:ExtractStackTraceNoAlloc (byte*,int,string)
UnityEngine.StackTraceUtility:ExtractStackTrace () (at /Users/bokken/build/output/unity/unity/Runtime/Export/Scripting/StackTrace.cs:37)
UnityEngine.DebugLogHandler:Internal_Log (UnityEngine.LogType,UnityEngine.LogOption,string,UnityEngine.Object)
UnityEngine.DebugLogHandler:LogFormat (UnityEngine.LogType,UnityEngine.Object,string,object[])
UnityEngine.Logger:Log (UnityEngine.LogType,object)
UnityEngine.Debug:LogWarning (object)
UnityEngine.Rendering.Universal.WarnUsingNonRenderGraph:EmitConsoleWarning () (at ./Library/PackageCache/com.unity.render-pipelines.universal@15fef0f41df6/Runtime/Data/UniversalRenderPipelineAsset.cs:427)
System.Reflection.RuntimeMethodInfo:Invoke (object,System.Reflection.BindingFlags,System.Reflection.Binder,object[],System.Globalization.CultureInfo)
System.Reflection.MethodBase:Invoke (object,object[])
UnityEditor.EditorAssemblies:ProcessInitializeOnLoadMethodAttributes () (at /Users/bokken/build/output/unity/unity/Editor/Mono/EditorAssemblies.cs:142)

(Filename: ./Library/PackageCache/com.unity.render-pipelines.universal@15fef0f41df6/Runtime/Data/UniversalRenderPipelineAsset.cs Line: 427)

[MODES] ModeService[none].Initialize
[MODES] ModeService[none].LoadModes
Mono: successfully reloaded assembly
- Finished resetting the current domain, in  0.648 seconds
Domain Reload Profiling: 1151ms
	BeginReloadAssembly (98ms)
		ExecutionOrderSort (0ms)
		DisableScriptedObjects (3ms)
		BackupInstance (0ms)
		ReleaseScriptingObjects (0ms)
		CreateAndSetChildDomain (30ms)
	RebuildCommonClasses (22ms)
	RebuildNativeTypeToScriptingClass (9ms)
	initialDomainReloadingComplete (14ms)
	LoadAllAssembliesAndSetupDomain (360ms)
		LoadAssemblies (227ms)
		RebuildTransferFunctionScriptingTraits (0ms)
		AnalyzeDomain (169ms)
			TypeCache.Refresh (9ms)
				TypeCache.ScanAssembly (0ms)
			BuildScriptInfoCaches (149ms)
			ResolveRequiredComponents (8ms)
	FinalizeReload (649ms)
		ReleaseScriptCaches (0ms)
		RebuildScriptCaches (0ms)
		SetupLoadedEditorAssemblies (514ms)
			LogAssemblyErrors (0ms)
			InitializePlatformSupportModulesInManaged (3ms)
			SetLoadedEditorAssemblies (5ms)
			BeforeProcessingInitializeOnLoad (84ms)
			ProcessInitializeOnLoadAttributes (359ms)
			ProcessInitializeOnLoadMethodAttributes (63ms)
			AfterProcessingInitializeOnLoad (1ms)
			EditorAssembliesLoaded (0ms)
		ExecutionOrderSort2 (0ms)
		AwakeInstancesAfterBackupRestoration (8ms)
Refreshing native plugins compatible for Editor in 0.35 ms, found 2 plugins.
Preloading 0 native plugins for Editor in 0.00 ms.
Unloading 19 Unused Serialized files (Serialized files now loaded: 0)
Unloading 6918 unused Assets / (4.8 MB). Loaded Objects now: 7808.
Memory consumption went from 172.6 MB to 167.8 MB.
Total: 7.158958 ms (FindLiveObjects: 0.409708 ms CreateObjectMapping: 0.184792 ms MarkObjects: 4.402541 ms  DeleteObjects: 2.161291 ms)

Prepare: number of updated asset objects reloaded= 0
========================================================================
Received Import Request.
  Time since last request: 502.249242 seconds.
  path: Assets/Game/GameLevel01 1.unity
  artifactKey: Guid(1301643dae712415fbff2c5f2a6e6bdb) Importer(815301076,1909f56bfc062723c751e8b465ee728b)
Start importing Assets/Game/GameLevel01 1.unity using Guid(1301643dae712415fbff2c5f2a6e6bdb) Importer(815301076,1909f56bfc062723c751e8b465ee728b) (PreviewImporter) -> (artifact id: 'fda53102c687f6e43101ff980d9d8966') in 0.006768208 seconds
Number of updated asset objects reloaded before import = 0Number of asset objects unloaded after import = 0

========================================================================
Received Import Request.
  Time since last request: 6.061010 seconds.
  path: Assets/Game/GameLevel03.unity
  artifactKey: Guid(1301643dae712415fbff2c5f2a6e6bdb) Importer(815301076,1909f56bfc062723c751e8b465ee728b)
Start importing Assets/Game/GameLevel03.unity using Guid(1301643dae712415fbff2c5f2a6e6bdb) Importer(815301076,1909f56bfc062723c751e8b465ee728b) (PreviewImporter) -> (artifact id: '3838d059fd545f15ca1a842ce42e9198') in 0.000547125 seconds
Number of updated asset objects reloaded before import = 0Number of asset objects unloaded after import = 0

========================================================================
Received Prepare
Begin MonoManager ReloadAssembly
Thread 0x16d577000 may have been prematurely finalized
- Loaded All Assemblies, in  0.564 seconds
Refreshing native plugins compatible for Editor in 0.22 ms, found 2 plugins.
Native extension for OSXStandalone target not found
The project currently uses the compatibility mode where the Render Graph API is disabled. Support for this mode will be removed in future Unity versions. Migrate existing ScriptableRenderPasses to the new RenderGraph API. After the migration, disable the compatibility mode in Edit > Projects Settings > Graphics > Render Graph.
UnityEngine.Debug:ExtractStackTraceNoAlloc (byte*,int,string)
UnityEngine.StackTraceUtility:ExtractStackTrace () (at /Users/bokken/build/output/unity/unity/Runtime/Export/Scripting/StackTrace.cs:37)
UnityEngine.DebugLogHandler:Internal_Log (UnityEngine.LogType,UnityEngine.LogOption,string,UnityEngine.Object)
UnityEngine.DebugLogHandler:LogFormat (UnityEngine.LogType,UnityEngine.Object,string,object[])
UnityEngine.Logger:Log (UnityEngine.LogType,object)
UnityEngine.Debug:LogWarning (object)
UnityEngine.Rendering.Universal.WarnUsingNonRenderGraph:EmitConsoleWarning () (at ./Library/PackageCache/com.unity.render-pipelines.universal@15fef0f41df6/Runtime/Data/UniversalRenderPipelineAsset.cs:427)
System.Reflection.RuntimeMethodInfo:Invoke (object,System.Reflection.BindingFlags,System.Reflection.Binder,object[],System.Globalization.CultureInfo)
System.Reflection.MethodBase:Invoke (object,object[])
UnityEditor.EditorAssemblies:ProcessInitializeOnLoadMethodAttributes () (at /Users/bokken/build/output/unity/unity/Editor/Mono/EditorAssemblies.cs:142)

(Filename: ./Library/PackageCache/com.unity.render-pipelines.universal@15fef0f41df6/Runtime/Data/UniversalRenderPipelineAsset.cs Line: 427)

[MODES] ModeService[none].Initialize
[MODES] ModeService[none].LoadModes
Mono: successfully reloaded assembly
- Finished resetting the current domain, in  0.684 seconds
Domain Reload Profiling: 1251ms
	BeginReloadAssembly (133ms)
		ExecutionOrderSort (0ms)
		DisableScriptedObjects (6ms)
		BackupInstance (0ms)
		ReleaseScriptingObjects (0ms)
		CreateAndSetChildDomain (50ms)
	RebuildCommonClasses (24ms)
	RebuildNativeTypeToScriptingClass (10ms)
	initialDomainReloadingComplete (15ms)
	LoadAllAssembliesAndSetupDomain (384ms)
		LoadAssemblies (265ms)
		RebuildTransferFunctionScriptingTraits (0ms)
		AnalyzeDomain (155ms)
			TypeCache.Refresh (10ms)
				TypeCache.ScanAssembly (0ms)
			BuildScriptInfoCaches (135ms)
			ResolveRequiredComponents (8ms)
	FinalizeReload (684ms)
		ReleaseScriptCaches (0ms)
		RebuildScriptCaches (0ms)
		SetupLoadedEditorAssemblies (532ms)
			LogAssemblyErrors (0ms)
			InitializePlatformSupportModulesInManaged (2ms)
			SetLoadedEditorAssemblies (4ms)
			BeforeProcessingInitializeOnLoad (75ms)
			ProcessInitializeOnLoadAttributes (384ms)
			ProcessInitializeOnLoadMethodAttributes (66ms)
			AfterProcessingInitializeOnLoad (1ms)
			EditorAssembliesLoaded (0ms)
		ExecutionOrderSort2 (0ms)
		AwakeInstancesAfterBackupRestoration (8ms)
Refreshing native plugins compatible for Editor in 0.36 ms, found 2 plugins.
Preloading 0 native plugins for Editor in 0.00 ms.
Unloading 19 Unused Serialized files (Serialized files now loaded: 0)
Unloading 6918 unused Assets / (5.0 MB). Loaded Objects now: 7810.
Memory consumption went from 172.6 MB to 167.6 MB.
Total: 7.924167 ms (FindLiveObjects: 0.437958 ms CreateObjectMapping: 0.205834 ms MarkObjects: 5.117084 ms  DeleteObjects: 2.162958 ms)

Prepare: number of updated asset objects reloaded= 0
========================================================================
Received Prepare
Begin MonoManager ReloadAssembly
Thread 0x16d577000 may have been prematurely finalized
- Loaded All Assemblies, in  0.612 seconds
Refreshing native plugins compatible for Editor in 0.30 ms, found 2 plugins.
Native extension for OSXStandalone target not found
The project currently uses the compatibility mode where the Render Graph API is disabled. Support for this mode will be removed in future Unity versions. Migrate existing ScriptableRenderPasses to the new RenderGraph API. After the migration, disable the compatibility mode in Edit > Projects Settings > Graphics > Render Graph.
UnityEngine.Debug:ExtractStackTraceNoAlloc (byte*,int,string)
UnityEngine.StackTraceUtility:ExtractStackTrace () (at /Users/bokken/build/output/unity/unity/Runtime/Export/Scripting/StackTrace.cs:37)
UnityEngine.DebugLogHandler:Internal_Log (UnityEngine.LogType,UnityEngine.LogOption,string,UnityEngine.Object)
UnityEngine.DebugLogHandler:LogFormat (UnityEngine.LogType,UnityEngine.Object,string,object[])
UnityEngine.Logger:Log (UnityEngine.LogType,object)
UnityEngine.Debug:LogWarning (object)
UnityEngine.Rendering.Universal.WarnUsingNonRenderGraph:EmitConsoleWarning () (at ./Library/PackageCache/com.unity.render-pipelines.universal@15fef0f41df6/Runtime/Data/UniversalRenderPipelineAsset.cs:427)
System.Reflection.RuntimeMethodInfo:Invoke (object,System.Reflection.BindingFlags,System.Reflection.Binder,object[],System.Globalization.CultureInfo)
System.Reflection.MethodBase:Invoke (object,object[])
UnityEditor.EditorAssemblies:ProcessInitializeOnLoadMethodAttributes () (at /Users/bokken/build/output/unity/unity/Editor/Mono/EditorAssemblies.cs:142)

(Filename: ./Library/PackageCache/com.unity.render-pipelines.universal@15fef0f41df6/Runtime/Data/UniversalRenderPipelineAsset.cs Line: 427)

[MODES] ModeService[none].Initialize
[MODES] ModeService[none].LoadModes
Mono: successfully reloaded assembly
- Finished resetting the current domain, in  0.653 seconds
Domain Reload Profiling: 1268ms
	BeginReloadAssembly (147ms)
		ExecutionOrderSort (0ms)
		DisableScriptedObjects (5ms)
		BackupInstance (0ms)
		ReleaseScriptingObjects (0ms)
		CreateAndSetChildDomain (50ms)
	RebuildCommonClasses (26ms)
	RebuildNativeTypeToScriptingClass (10ms)
	initialDomainReloadingComplete (17ms)
	LoadAllAssembliesAndSetupDomain (416ms)
		LoadAssemblies (291ms)
		RebuildTransferFunctionScriptingTraits (0ms)
		AnalyzeDomain (177ms)
			TypeCache.Refresh (9ms)
				TypeCache.ScanAssembly (0ms)
			BuildScriptInfoCaches (158ms)
			ResolveRequiredComponents (8ms)
	FinalizeReload (653ms)
		ReleaseScriptCaches (0ms)
		RebuildScriptCaches (0ms)
		SetupLoadedEditorAssemblies (514ms)
			LogAssemblyErrors (0ms)
			InitializePlatformSupportModulesInManaged (2ms)
			SetLoadedEditorAssemblies (4ms)
			BeforeProcessingInitializeOnLoad (75ms)
			ProcessInitializeOnLoadAttributes (369ms)
			ProcessInitializeOnLoadMethodAttributes (64ms)
			AfterProcessingInitializeOnLoad (1ms)
			EditorAssembliesLoaded (0ms)
		ExecutionOrderSort2 (0ms)
		AwakeInstancesAfterBackupRestoration (7ms)
Refreshing native plugins compatible for Editor in 0.33 ms, found 2 plugins.
Preloading 0 native plugins for Editor in 0.00 ms.
Unloading 19 Unused Serialized files (Serialized files now loaded: 0)
Unloading 6918 unused Assets / (4.9 MB). Loaded Objects now: 7812.
Memory consumption went from 172.6 MB to 167.7 MB.
Total: 7.568125 ms (FindLiveObjects: 0.460541 ms CreateObjectMapping: 0.195875 ms MarkObjects: 4.730833 ms  DeleteObjects: 2.176542 ms)

Prepare: number of updated asset objects reloaded= 0
========================================================================
Received Import Request.
  Time since last request: 425.887686 seconds.
  path: Assets/Game/Levels.unity
  artifactKey: Guid(9a96a2d1e437b4e7cbfe255a6167e4b1) Importer(815301076,1909f56bfc062723c751e8b465ee728b)
Start importing Assets/Game/Levels.unity using Guid(9a96a2d1e437b4e7cbfe255a6167e4b1) Importer(815301076,1909f56bfc062723c751e8b465ee728b) (PreviewImporter) -> (artifact id: '6fd0561881432f77f74d0c5f5dc623a7') in 0.002342083 seconds
Number of updated asset objects reloaded before import = 0Number of asset objects unloaded after import = 0

========================================================================
Received Prepare
Begin MonoManager ReloadAssembly
Thread 0x16d577000 may have been prematurely finalized
- Loaded All Assemblies, in  0.533 seconds
Refreshing native plugins compatible for Editor in 0.22 ms, found 2 plugins.
Native extension for OSXStandalone target not found
The project currently uses the compatibility mode where the Render Graph API is disabled. Support for this mode will be removed in future Unity versions. Migrate existing ScriptableRenderPasses to the new RenderGraph API. After the migration, disable the compatibility mode in Edit > Projects Settings > Graphics > Render Graph.
UnityEngine.Debug:ExtractStackTraceNoAlloc (byte*,int,string)
UnityEngine.StackTraceUtility:ExtractStackTrace () (at /Users/bokken/build/output/unity/unity/Runtime/Export/Scripting/StackTrace.cs:37)
UnityEngine.DebugLogHandler:Internal_Log (UnityEngine.LogType,UnityEngine.LogOption,string,UnityEngine.Object)
UnityEngine.DebugLogHandler:LogFormat (UnityEngine.LogType,UnityEngine.Object,string,object[])
UnityEngine.Logger:Log (UnityEngine.LogType,object)
UnityEngine.Debug:LogWarning (object)
UnityEngine.Rendering.Universal.WarnUsingNonRenderGraph:EmitConsoleWarning () (at ./Library/PackageCache/com.unity.render-pipelines.universal@15fef0f41df6/Runtime/Data/UniversalRenderPipelineAsset.cs:427)
System.Reflection.RuntimeMethodInfo:Invoke (object,System.Reflection.BindingFlags,System.Reflection.Binder,object[],System.Globalization.CultureInfo)
System.Reflection.MethodBase:Invoke (object,object[])
UnityEditor.EditorAssemblies:ProcessInitializeOnLoadMethodAttributes () (at /Users/bokken/build/output/unity/unity/Editor/Mono/EditorAssemblies.cs:142)

(Filename: ./Library/PackageCache/com.unity.render-pipelines.universal@15fef0f41df6/Runtime/Data/UniversalRenderPipelineAsset.cs Line: 427)

[MODES] ModeService[none].Initialize
[MODES] ModeService[none].LoadModes
Mono: successfully reloaded assembly
- Finished resetting the current domain, in  0.648 seconds
Domain Reload Profiling: 1184ms
	BeginReloadAssembly (129ms)
		ExecutionOrderSort (0ms)
		DisableScriptedObjects (6ms)
		BackupInstance (0ms)
		ReleaseScriptingObjects (0ms)
		CreateAndSetChildDomain (50ms)
	RebuildCommonClasses (23ms)
	RebuildNativeTypeToScriptingClass (9ms)
	initialDomainReloadingComplete (14ms)
	LoadAllAssembliesAndSetupDomain (361ms)
		LoadAssemblies (226ms)
		RebuildTransferFunctionScriptingTraits (0ms)
		AnalyzeDomain (170ms)
			TypeCache.Refresh (8ms)
				TypeCache.ScanAssembly (0ms)
			BuildScriptInfoCaches (138ms)
			ResolveRequiredComponents (16ms)
	FinalizeReload (649ms)
		ReleaseScriptCaches (0ms)
		RebuildScriptCaches (0ms)
		SetupLoadedEditorAssemblies (468ms)
			LogAssemblyErrors (0ms)
			InitializePlatformSupportModulesInManaged (2ms)
			SetLoadedEditorAssemblies (4ms)
			BeforeProcessingInitializeOnLoad (74ms)
			ProcessInitializeOnLoadAttributes (330ms)
			ProcessInitializeOnLoadMethodAttributes (58ms)
			AfterProcessingInitializeOnLoad (1ms)
			EditorAssembliesLoaded (0ms)
		ExecutionOrderSort2 (0ms)
		AwakeInstancesAfterBackupRestoration (6ms)
Refreshing native plugins compatible for Editor in 0.32 ms, found 2 plugins.
Preloading 0 native plugins for Editor in 0.00 ms.
Unloading 19 Unused Serialized files (Serialized files now loaded: 0)
Unloading 6918 unused Assets / (5.6 MB). Loaded Objects now: 7814.
Memory consumption went from 172.5 MB to 166.9 MB.
Total: 7.401500 ms (FindLiveObjects: 0.431583 ms CreateObjectMapping: 0.202166 ms MarkObjects: 4.573958 ms  DeleteObjects: 2.193000 ms)

Prepare: number of updated asset objects reloaded= 0
========================================================================
Received Prepare
Begin MonoManager ReloadAssembly
Thread 0x16d577000 may have been prematurely finalized
- Loaded All Assemblies, in  0.605 seconds
Refreshing native plugins compatible for Editor in 0.24 ms, found 2 plugins.
Native extension for OSXStandalone target not found
The project currently uses the compatibility mode where the Render Graph API is disabled. Support for this mode will be removed in future Unity versions. Migrate existing ScriptableRenderPasses to the new RenderGraph API. After the migration, disable the compatibility mode in Edit > Projects Settings > Graphics > Render Graph.
UnityEngine.Debug:ExtractStackTraceNoAlloc (byte*,int,string)
UnityEngine.StackTraceUtility:ExtractStackTrace () (at /Users/bokken/build/output/unity/unity/Runtime/Export/Scripting/StackTrace.cs:37)
UnityEngine.DebugLogHandler:Internal_Log (UnityEngine.LogType,UnityEngine.LogOption,string,UnityEngine.Object)
UnityEngine.DebugLogHandler:LogFormat (UnityEngine.LogType,UnityEngine.Object,string,object[])
UnityEngine.Logger:Log (UnityEngine.LogType,object)
UnityEngine.Debug:LogWarning (object)
UnityEngine.Rendering.Universal.WarnUsingNonRenderGraph:EmitConsoleWarning () (at ./Library/PackageCache/com.unity.render-pipelines.universal@15fef0f41df6/Runtime/Data/UniversalRenderPipelineAsset.cs:427)
System.Reflection.RuntimeMethodInfo:Invoke (object,System.Reflection.BindingFlags,System.Reflection.Binder,object[],System.Globalization.CultureInfo)
System.Reflection.MethodBase:Invoke (object,object[])
UnityEditor.EditorAssemblies:ProcessInitializeOnLoadMethodAttributes () (at /Users/bokken/build/output/unity/unity/Editor/Mono/EditorAssemblies.cs:142)

(Filename: ./Library/PackageCache/com.unity.render-pipelines.universal@15fef0f41df6/Runtime/Data/UniversalRenderPipelineAsset.cs Line: 427)

[MODES] ModeService[none].Initialize
[MODES] ModeService[none].LoadModes
Mono: successfully reloaded assembly
- Finished resetting the current domain, in  0.633 seconds
Domain Reload Profiling: 1241ms
	BeginReloadAssembly (136ms)
		ExecutionOrderSort (0ms)
		DisableScriptedObjects (6ms)
		BackupInstance (0ms)
		ReleaseScriptingObjects (0ms)
		CreateAndSetChildDomain (52ms)
	RebuildCommonClasses (23ms)
	RebuildNativeTypeToScriptingClass (9ms)
	initialDomainReloadingComplete (15ms)
	LoadAllAssembliesAndSetupDomain (425ms)
		LoadAssemblies (290ms)
		RebuildTransferFunctionScriptingTraits (0ms)
		AnalyzeDomain (172ms)
			TypeCache.Refresh (9ms)
				TypeCache.ScanAssembly (0ms)
			BuildScriptInfoCaches (153ms)
			ResolveRequiredComponents (8ms)
	FinalizeReload (633ms)
		ReleaseScriptCaches (0ms)
		RebuildScriptCaches (0ms)
		SetupLoadedEditorAssemblies (498ms)
			LogAssemblyErrors (0ms)
			InitializePlatformSupportModulesInManaged (2ms)
			SetLoadedEditorAssemblies (3ms)
			BeforeProcessingInitializeOnLoad (80ms)
			ProcessInitializeOnLoadAttributes (350ms)
			ProcessInitializeOnLoadMethodAttributes (62ms)
			AfterProcessingInitializeOnLoad (1ms)
			EditorAssembliesLoaded (0ms)
		ExecutionOrderSort2 (0ms)
		AwakeInstancesAfterBackupRestoration (7ms)
Refreshing native plugins compatible for Editor in 0.82 ms, found 2 plugins.
Preloading 0 native plugins for Editor in 0.00 ms.
Unloading 19 Unused Serialized files (Serialized files now loaded: 0)
Unloading 6918 unused Assets / (5.4 MB). Loaded Objects now: 7816.
Memory consumption went from 172.5 MB to 167.1 MB.
Total: 8.065542 ms (FindLiveObjects: 0.419542 ms CreateObjectMapping: 0.219875 ms MarkObjects: 5.224333 ms  DeleteObjects: 2.201500 ms)

Prepare: number of updated asset objects reloaded= 0
